,Unnamed: 0,scaled_input_age,scaled_input_workclass,scaled_input_education,scaled_input_marital-status,scaled_input_occupation,scaled_input_relationship,scaled_input_race,scaled_input_sex,scaled_input_capital-gain,scaled_input_capital-loss,scaled_input_hours-per-week,scaled_input_native-country,scaled_input_class,origin_input_age,origin_input_workclass,origin_input_education,origin_input_marital-status,origin_input_occupation,origin_input_relationship,origin_input_race,origin_input_sex,origin_input_capital-gain,origin_input_capital-loss,origin_input_hours-per-week,origin_input_native-country,origin_input_class,scaled_cf_age,scaled_cf_workclass,scaled_cf_education,scaled_cf_marital-status,scaled_cf_occupation,scaled_cf_relationship,scaled_cf_race,scaled_cf_sex,scaled_cf_capital-gain,scaled_cf_capital-loss,scaled_cf_hours-per-week,scaled_cf_native-country,scaled_cf_class,origin_cf_age,origin_cf_workclass,origin_cf_education,origin_cf_marital-status,origin_cf_occupation,origin_cf_relationship,origin_cf_race,origin_cf_sex,origin_cf_capital-gain,origin_cf_capital-loss,origin_cf_hours-per-week,origin_cf_native-country,origin_cf_class,running_time,Found,ground_truth,prediction
0,0,0.5205479452054793,State-gov,Bachelors,Married-civ-spouse,Prof-specialty,Husband,White,Male,0.0,0.0,0.1428571428571428,United-States,<=50K,54.99999999999999,State-gov,Bachelors,Married-civ-spouse,Prof-specialty,Husband,White,Male,0.0,0.0,14.999999999999998,United-States,<=50K,0.5205479452054793,State-gov,Bachelors,Married-civ-spouse,Tech-support,Not-in-family,White,Male,0.0,0.0,0.1428571428571428,United-States,>50K,54.99999999999999,State-gov,Bachelors,Married-civ-spouse,Tech-support,Not-in-family,White,Male,0.0,0.0,14.999999999999998,United-States,>50K,0.1615133285522461,Y,<=50K,<=50K
0,0,0.5205479452054793,State-gov,Bachelors,Married-civ-spouse,Prof-specialty,Husband,White,Male,0.0,0.0,0.1428571428571428,United-States,<=50K,54.99999999999999,State-gov,Bachelors,Married-civ-spouse,Prof-specialty,Husband,White,Male,0.0,0.0,14.999999999999998,United-States,<=50K,0.5205479452054793,State-gov,Bachelors,Married-civ-spouse,Prof-specialty,Husband,White,Male,0.1,0.0,0.1428571428571428,United-States,>50K,54.99999999999999,State-gov,Bachelors,Married-civ-spouse,Prof-specialty,Husband,White,Male,9999.9,0.0,14.999999999999998,United-States,>50K,0.1652426719665527,Y,<=50K,<=50K
0,0,0.5205479452054793,State-gov,Bachelors,Married-civ-spouse,Prof-specialty,Husband,White,Male,0.0,0.0,0.1428571428571428,United-States,<=50K,54.99999999999999,State-gov,Bachelors,Married-civ-spouse,Prof-specialty,Husband,White,Male,0.0,0.0,14.999999999999998,United-States,<=50K,0.5205479452054793,State-gov,Bachelors,Married-civ-spouse,Prof-specialty,Husband,White,Male,0.9,0.7,0.1428571428571428,United-States,>50K,54.99999999999999,State-gov,Bachelors,Married-civ-spouse,Prof-specialty,Husband,White,Male,89999.1,3049.2,14.999999999999998,United-States,>50K,0.1647400856018066,Y,<=50K,<=50K
0,0,0.5205479452054793,State-gov,Bachelors,Married-civ-spouse,Prof-specialty,Husband,White,Male,0.0,0.0,0.1428571428571428,United-States,<=50K,54.99999999999999,State-gov,Bachelors,Married-civ-spouse,Prof-specialty,Husband,White,Male,0.0,0.0,14.999999999999998,United-States,<=50K,0.5205479452054793,State-gov,Bachelors,Married-civ-spouse,Prof-specialty,Husband,White,Male,0.0,0.3,0.94151246,United-States,>50K,54.99999999999999,State-gov,Bachelors,Married-civ-spouse,Prof-specialty,Husband,White,Male,0.0,1306.8,93.26822108,United-States,>50K,0.16292405128479,Y,<=50K,<=50K
0,0,0.5205479452054793,State-gov,Bachelors,Married-civ-spouse,Prof-specialty,Husband,White,Male,0.0,0.0,0.1428571428571428,United-States,<=50K,54.99999999999999,State-gov,Bachelors,Married-civ-spouse,Prof-specialty,Husband,White,Male,0.0,0.0,14.999999999999998,United-States,<=50K,0.50701264,State-gov,Bachelors,Married-civ-spouse,Prof-specialty,Husband,White,Male,0.0,0.0,0.1428571428571428,United-States,>50K,54.01192272,State-gov,Bachelors,Married-civ-spouse,Prof-specialty,Husband,White,Male,0.0,0.0,14.999999999999998,United-States,>50K,0.1588070392608642,Y,<=50K,<=50K
1,0,0.6575342465753424,Private,Bachelors,Married-civ-spouse,Transport-moving,Husband,White,Male,0.0,0.0,0.1938775510204081,United-States,<=50K,65.0,Private,Bachelors,Married-civ-spouse,Transport-moving,Husband,White,Male,0.0,0.0,20.0,United-States,<=50K,0.6575342465753424,Private,Bachelors,Married-civ-spouse,Transport-moving,Husband,White,Male,0.0,0.0,0.77934689,United-States,>50K,65.0,Private,Bachelors,Married-civ-spouse,Transport-moving,Husband,White,Male,0.0,0.0,77.37599522000001,United-States,>50K,0.1867659091949463,Y,<=50K,<=50K
1,0,0.6575342465753424,Private,Bachelors,Married-civ-spouse,Transport-moving,Husband,White,Male,0.0,0.0,0.1938775510204081,United-States,<=50K,65.0,Private,Bachelors,Married-civ-spouse,Transport-moving,Husband,White,Male,0.0,0.0,20.0,United-States,<=50K,0.6575342465753424,Private,Bachelors,Married-civ-spouse,Transport-moving,Husband,White,Male,0.6,0.0,0.1938775510204081,United-States,>50K,65.0,Private,Bachelors,Married-civ-spouse,Transport-moving,Husband,White,Male,59999.4,0.0,20.0,United-States,>50K,0.1628310680389404,Y,<=50K,<=50K
1,0,0.6575342465753424,Private,Bachelors,Married-civ-spouse,Transport-moving,Husband,White,Male,0.0,0.0,0.1938775510204081,United-States,<=50K,65.0,Private,Bachelors,Married-civ-spouse,Transport-moving,Husband,White,Male,0.0,0.0,20.0,United-States,<=50K,0.6575342465753424,Private,Bachelors,Married-civ-spouse,Armed-Forces,Husband,White,Male,0.7,0.0,0.1938775510204081,United-States,>50K,65.0,Private,Bachelors,Married-civ-spouse,Armed-Forces,Husband,White,Male,69999.3,0.0,20.0,United-States,>50K,0.1710569858551025,Y,<=50K,<=50K
1,0,0.6575342465753424,Private,Bachelors,Married-civ-spouse,Transport-moving,Husband,White,Male,0.0,0.0,0.1938775510204081,United-States,<=50K,65.0,Private,Bachelors,Married-civ-spouse,Transport-moving,Husband,White,Male,0.0,0.0,20.0,United-States,<=50K,0.6575342465753424,Private,9th,Married-civ-spouse,Transport-moving,Husband,White,Male,0.9,0.0,0.1938775510204081,United-States,>50K,65.0,Private,9th,Married-civ-spouse,Transport-moving,Husband,White,Male,89999.1,0.0,20.0,United-States,>50K,0.1714658737182617,Y,<=50K,<=50K
1,0,0.6575342465753424,Private,Bachelors,Married-civ-spouse,Transport-moving,Husband,White,Male,0.0,0.0,0.1938775510204081,United-States,<=50K,65.0,Private,Bachelors,Married-civ-spouse,Transport-moving,Husband,White,Male,0.0,0.0,20.0,United-States,<=50K,0.6575342465753424,Private,Bachelors,Married-civ-spouse,Transport-moving,Wife,White,Male,0.0,0.2,0.1938775510204081,United-States,>50K,65.0,Private,Bachelors,Married-civ-spouse,Transport-moving,Wife,White,Male,0.0,871.2,20.0,United-States,>50K,0.1646358966827392,Y,<=50K,<=50K
2,0,0.1643835616438356,Private,HS-grad,Never-married,Craft-repair,Not-in-family,White,Male,0.0,0.0,0.3979591836734693,Guatemala,<=50K,29.0,Private,HS-grad,Never-married,Craft-repair,Not-in-family,White,Male,0.0,0.0,40.0,Guatemala,<=50K,0.1643835616438356,Private,HS-grad,Never-married,Craft-repair,Not-in-family,White,Male,0.0,0.6,0.3979591836734693,Guatemala,>50K,29.0,Private,HS-grad,Never-married,Craft-repair,Not-in-family,White,Male,0.0,2613.6,40.0,Guatemala,>50K,0.1761808395385742,Y,<=50K,<=50K
2,0,0.1643835616438356,Private,HS-grad,Never-married,Craft-repair,Not-in-family,White,Male,0.0,0.0,0.3979591836734693,Guatemala,<=50K,29.0,Private,HS-grad,Never-married,Craft-repair,Not-in-family,White,Male,0.0,0.0,40.0,Guatemala,<=50K,0.1643835616438356,Private,HS-grad,Never-married,Craft-repair,Not-in-family,White,Male,0.9,0.0,0.20299975,Guatemala,>50K,29.0,Private,HS-grad,Never-married,Craft-repair,Not-in-family,White,Male,89999.1,0.0,20.893975500000003,Guatemala,>50K,0.1646661758422851,Y,<=50K,<=50K
2,0,0.1643835616438356,Private,HS-grad,Never-married,Craft-repair,Not-in-family,White,Male,0.0,0.0,0.3979591836734693,Guatemala,<=50K,29.0,Private,HS-grad,Never-married,Craft-repair,Not-in-family,White,Male,0.0,0.0,40.0,Guatemala,<=50K,0.1643835616438356,Private,HS-grad,Never-married,Craft-repair,Wife,White,Male,0.0,0.6,0.3979591836734693,Guatemala,>50K,29.0,Private,HS-grad,Never-married,Craft-repair,Wife,White,Male,0.0,2613.6,40.0,Guatemala,>50K,0.1648001670837402,Y,<=50K,<=50K
2,0,0.1643835616438356,Private,HS-grad,Never-married,Craft-repair,Not-in-family,White,Male,0.0,0.0,0.3979591836734693,Guatemala,<=50K,29.0,Private,HS-grad,Never-married,Craft-repair,Not-in-family,White,Male,0.0,0.0,40.0,Guatemala,<=50K,0.34809676,Private,HS-grad,Never-married,Craft-repair,Not-in-family,White,Male,0.0,0.7,0.3979591836734693,Guatemala,>50K,42.41106348,Private,HS-grad,Never-married,Craft-repair,Not-in-family,White,Male,0.0,3049.2,40.0,Guatemala,>50K,0.1706440448760986,Y,<=50K,<=50K
2,0,0.1643835616438356,Private,HS-grad,Never-married,Craft-repair,Not-in-family,White,Male,0.0,0.0,0.3979591836734693,Guatemala,<=50K,29.0,Private,HS-grad,Never-married,Craft-repair,Not-in-family,White,Male,0.0,0.0,40.0,Guatemala,<=50K,0.1643835616438356,Private,HS-grad,Never-married,Craft-repair,Not-in-family,White,Male,0.0,0.8,0.3979591836734693,Guatemala,>50K,29.0,Private,HS-grad,Never-married,Craft-repair,Not-in-family,White,Male,0.0,3484.8,40.0,Guatemala,>50K,0.1628589630126953,Y,<=50K,<=50K
3,0,0.4931506849315069,State-gov,Doctorate,Married-civ-spouse,Prof-specialty,Husband,White,Male,0.0,0.0,0.3979591836734693,United-States,>50K,53.00000000000001,State-gov,Doctorate,Married-civ-spouse,Prof-specialty,Husband,White,Male,0.0,0.0,40.0,United-States,>50K,0.04998425,State-gov,Doctorate,Married-civ-spouse,Prof-specialty,Husband,White,Male,0.0,0.0,0.3979591836734693,United-States,<=50K,20.64885025,State-gov,Doctorate,Married-civ-spouse,Prof-specialty,Husband,White,Male,0.0,0.0,40.0,United-States,<=50K,0.1685991287231445,Y,>50K,>50K
3,0,0.4931506849315069,State-gov,Doctorate,Married-civ-spouse,Prof-specialty,Husband,White,Male,0.0,0.0,0.3979591836734693,United-States,>50K,53.00000000000001,State-gov,Doctorate,Married-civ-spouse,Prof-specialty,Husband,White,Male,0.0,0.0,40.0,United-States,>50K,0.4931506849315069,State-gov,Doctorate,Married-civ-spouse,Prof-specialty,Husband,White,Male,0.0,0.9,0.3979591836734693,Holand-Netherlands,<=50K,53.00000000000001,State-gov,Doctorate,Married-civ-spouse,Prof-specialty,Husband,White,Male,0.0,3920.4,40.0,Holand-Netherlands,<=50K,0.1637728214263916,Y,>50K,>50K
3,0,0.4931506849315069,State-gov,Doctorate,Married-civ-spouse,Prof-specialty,Husband,White,Male,0.0,0.0,0.3979591836734693,United-States,>50K,53.00000000000001,State-gov,Doctorate,Married-civ-spouse,Prof-specialty,Husband,White,Male,0.0,0.0,40.0,United-States,>50K,0.44935714,State-gov,Doctorate,Married-civ-spouse,Prof-specialty,Husband,White,Male,0.0,1.1,0.3979591836734693,United-States,<=50K,49.80307122,State-gov,Doctorate,Married-civ-spouse,Prof-specialty,Husband,White,Male,0.0,4791.6,40.0,United-States,<=50K,0.2002921104431152,Y,>50K,>50K
3,0,0.4931506849315069,State-gov,Doctorate,Married-civ-spouse,Prof-specialty,Husband,White,Male,0.0,0.0,0.3979591836734693,United-States,>50K,53.00000000000001,State-gov,Doctorate,Married-civ-spouse,Prof-specialty,Husband,White,Male,0.0,0.0,40.0,United-States,>50K,0.4931506849315069,Local-gov,Doctorate,Married-civ-spouse,Prof-specialty,Husband,White,Male,0.0,0.3,0.3979591836734693,United-States,<=50K,53.00000000000001,Local-gov,Doctorate,Married-civ-spouse,Prof-specialty,Husband,White,Male,0.0,1306.8,40.0,United-States,<=50K,0.1664838790893554,Y,>50K,>50K
3,0,0.4931506849315069,State-gov,Doctorate,Married-civ-spouse,Prof-specialty,Husband,White,Male,0.0,0.0,0.3979591836734693,United-States,>50K,53.00000000000001,State-gov,Doctorate,Married-civ-spouse,Prof-specialty,Husband,White,Male,0.0,0.0,40.0,United-States,>50K,0.4931506849315069,Local-gov,Doctorate,Married-civ-spouse,Prof-specialty,Husband,White,Male,0.0,0.0,0.12607228,United-States,<=50K,53.00000000000001,Local-gov,Doctorate,Married-civ-spouse,Prof-specialty,Husband,White,Male,0.0,0.0,13.355083440000003,United-States,<=50K,0.1598670482635498,Y,>50K,>50K
4,0,0.2054794520547945,Private,Bachelors,Never-married,Adm-clerical,Not-in-family,Asian-Pac-Islander,Male,0.0,0.0,0.3979591836734693,United-States,<=50K,32.0,Private,Bachelors,Never-married,Adm-clerical,Not-in-family,Asian-Pac-Islander,Male,0.0,0.0,40.0,United-States,<=50K,0.2054794520547945,Private,Bachelors,Never-married,Adm-clerical,Husband,Asian-Pac-Islander,Male,0.0,0.6,0.3979591836734693,United-States,>50K,32.0,Private,Bachelors,Never-married,Adm-clerical,Husband,Asian-Pac-Islander,Male,0.0,2613.6,40.0,United-States,>50K,0.1587488651275634,Y,<=50K,<=50K
4,0,0.2054794520547945,Private,Bachelors,Never-married,Adm-clerical,Not-in-family,Asian-Pac-Islander,Male,0.0,0.0,0.3979591836734693,United-States,<=50K,32.0,Private,Bachelors,Never-married,Adm-clerical,Not-in-family,Asian-Pac-Islander,Male,0.0,0.0,40.0,United-States,<=50K,0.2054794520547945,Private,Bachelors,Never-married,Adm-clerical,Not-in-family,Asian-Pac-Islander,Male,0.0,0.6,0.3979591836734693,United-States,>50K,32.0,Private,Bachelors,Never-married,Adm-clerical,Not-in-family,Asian-Pac-Islander,Male,0.0,2613.6,40.0,United-States,>50K,0.1657049655914306,Y,<=50K,<=50K
4,0,0.2054794520547945,Private,Bachelors,Never-married,Adm-clerical,Not-in-family,Asian-Pac-Islander,Male,0.0,0.0,0.3979591836734693,United-States,<=50K,32.0,Private,Bachelors,Never-married,Adm-clerical,Not-in-family,Asian-Pac-Islander,Male,0.0,0.0,40.0,United-States,<=50K,0.2054794520547945,Private,Bachelors,Never-married,Adm-clerical,Not-in-family,Asian-Pac-Islander,Male,0.7,0.0,0.3979591836734693,Philippines,>50K,32.0,Private,Bachelors,Never-married,Adm-clerical,Not-in-family,Asian-Pac-Islander,Male,69999.3,0.0,40.0,Philippines,>50K,0.1686048507690429,Y,<=50K,<=50K
4,0,0.2054794520547945,Private,Bachelors,Never-married,Adm-clerical,Not-in-family,Asian-Pac-Islander,Male,0.0,0.0,0.3979591836734693,United-States,<=50K,32.0,Private,Bachelors,Never-married,Adm-clerical,Not-in-family,Asian-Pac-Islander,Male,0.0,0.0,40.0,United-States,<=50K,0.2054794520547945,Private,Bachelors,Never-married,Tech-support,Not-in-family,Asian-Pac-Islander,Male,1.0,0.0,0.3979591836734693,United-States,>50K,32.0,Private,Bachelors,Never-married,Tech-support,Not-in-family,Asian-Pac-Islander,Male,99999.0,0.0,40.0,United-States,>50K,0.1631500720977783,Y,<=50K,<=50K
4,0,0.2054794520547945,Private,Bachelors,Never-married,Adm-clerical,Not-in-family,Asian-Pac-Islander,Male,0.0,0.0,0.3979591836734693,United-States,<=50K,32.0,Private,Bachelors,Never-married,Adm-clerical,Not-in-family,Asian-Pac-Islander,Male,0.0,0.0,40.0,United-States,<=50K,0.61567264,Private,Bachelors,Married-spouse-absent,Adm-clerical,Not-in-family,Asian-Pac-Islander,Male,0.0,0.0,0.3979591836734693,United-States,>50K,61.94410272,Private,Bachelors,Married-spouse-absent,Adm-clerical,Not-in-family,Asian-Pac-Islander,Male,0.0,0.0,40.0,United-States,>50K,0.1624622344970703,Y,<=50K,<=50K
5,0,0.2876712328767123,Private,HS-grad,Divorced,Other-service,Unmarried,White,Female,0.0,0.0,0.4795918367346938,United-States,<=50K,38.0,Private,HS-grad,Divorced,Other-service,Unmarried,White,Female,0.0,0.0,48.0,United-States,<=50K,0.80555734,Private,HS-grad,Divorced,Other-service,Unmarried,White,Female,0.9,0.0,0.4795918367346938,United-States,>50K,75.80568582000001,Private,HS-grad,Divorced,Other-service,Unmarried,White,Female,89999.1,0.0,48.0,United-States,>50K,0.1605739593505859,Y,<=50K,<=50K
5,0,0.2876712328767123,Private,HS-grad,Divorced,Other-service,Unmarried,White,Female,0.0,0.0,0.4795918367346938,United-States,<=50K,38.0,Private,HS-grad,Divorced,Other-service,Unmarried,White,Female,0.0,0.0,48.0,United-States,<=50K,0.2876712328767123,Private,HS-grad,Divorced,Other-service,Unmarried,White,Female,1.0,0.0,0.4795918367346938,United-States,>50K,38.0,Private,HS-grad,Divorced,Other-service,Unmarried,White,Female,99999.0,0.0,48.0,United-States,>50K,0.1677308082580566,Y,<=50K,<=50K
5,0,0.2876712328767123,Private,HS-grad,Divorced,Other-service,Unmarried,White,Female,0.0,0.0,0.4795918367346938,United-States,<=50K,38.0,Private,HS-grad,Divorced,Other-service,Unmarried,White,Female,0.0,0.0,48.0,United-States,<=50K,0.2876712328767123,Private,HS-grad,Divorced,Other-service,Unmarried,Other,Female,0.0,0.6,0.4795918367346938,United-States,>50K,38.0,Private,HS-grad,Divorced,Other-service,Unmarried,Other,Female,0.0,2613.6,48.0,United-States,>50K,0.1625950336456298,Y,<=50K,<=50K
5,0,0.2876712328767123,Private,HS-grad,Divorced,Other-service,Unmarried,White,Female,0.0,0.0,0.4795918367346938,United-States,<=50K,38.0,Private,HS-grad,Divorced,Other-service,Unmarried,White,Female,0.0,0.0,48.0,United-States,<=50K,0.2876712328767123,Private,12th,Divorced,Other-service,Unmarried,White,Female,0.0,0.5,0.4795918367346938,United-States,>50K,38.0,Private,12th,Divorced,Other-service,Unmarried,White,Female,0.0,2178.0,48.0,United-States,>50K,0.1618900299072265,Y,<=50K,<=50K
5,0,0.2876712328767123,Private,HS-grad,Divorced,Other-service,Unmarried,White,Female,0.0,0.0,0.4795918367346938,United-States,<=50K,38.0,Private,HS-grad,Divorced,Other-service,Unmarried,White,Female,0.0,0.0,48.0,United-States,<=50K,0.2876712328767123,Private,HS-grad,Divorced,Other-service,Unmarried,Other,Female,0.3,0.0,0.4795918367346938,United-States,>50K,38.0,Private,HS-grad,Divorced,Other-service,Unmarried,Other,Female,29999.7,0.0,48.0,United-States,>50K,0.1679308414459228,Y,<=50K,<=50K
6,0,0.2054794520547945,Private,Bachelors,Married-civ-spouse,Exec-managerial,Husband,White,Male,0.0,0.0,0.4285714285714285,United-States,>50K,32.0,Private,Bachelors,Married-civ-spouse,Exec-managerial,Husband,White,Male,0.0,0.0,43.0,United-States,>50K,0.25536019,Private,Bachelors,Married-civ-spouse,Exec-managerial,Husband,White,Male,0.0,0.0,0.4285714285714285,United-States,<=50K,35.64129387,Private,Bachelors,Married-civ-spouse,Exec-managerial,Husband,White,Male,0.0,0.0,43.0,United-States,<=50K,0.1705968379974365,Y,>50K,>50K
6,0,0.2054794520547945,Private,Bachelors,Married-civ-spouse,Exec-managerial,Husband,White,Male,0.0,0.0,0.4285714285714285,United-States,>50K,32.0,Private,Bachelors,Married-civ-spouse,Exec-managerial,Husband,White,Male,0.0,0.0,43.0,United-States,>50K,0.2054794520547945,Private,Prof-school,Married-civ-spouse,Exec-managerial,Husband,White,Male,0.0,0.3,0.4285714285714285,United-States,<=50K,32.0,Private,Prof-school,Married-civ-spouse,Exec-managerial,Husband,White,Male,0.0,1306.8,43.0,United-States,<=50K,0.1686949729919433,Y,>50K,>50K
6,0,0.2054794520547945,Private,Bachelors,Married-civ-spouse,Exec-managerial,Husband,White,Male,0.0,0.0,0.4285714285714285,United-States,>50K,32.0,Private,Bachelors,Married-civ-spouse,Exec-managerial,Husband,White,Male,0.0,0.0,43.0,United-States,>50K,0.39367699,Private,Bachelors,Married-civ-spouse,Exec-managerial,Husband,White,Male,0.0,0.2,0.4285714285714285,United-States,<=50K,45.73842027,Private,Bachelors,Married-civ-spouse,Exec-managerial,Husband,White,Male,0.0,871.2,43.0,United-States,<=50K,0.1710391044616699,Y,>50K,>50K
6,0,0.2054794520547945,Private,Bachelors,Married-civ-spouse,Exec-managerial,Husband,White,Male,0.0,0.0,0.4285714285714285,United-States,>50K,32.0,Private,Bachelors,Married-civ-spouse,Exec-managerial,Husband,White,Male,0.0,0.0,43.0,United-States,>50K,0.2054794520547945,Private,Bachelors,Married-AF-spouse,Protective-serv,Husband,White,Male,0.0,0.0,0.4285714285714285,United-States,<=50K,32.0,Private,Bachelors,Married-AF-spouse,Protective-serv,Husband,White,Male,0.0,0.0,43.0,United-States,<=50K,0.1621391773223877,Y,>50K,>50K
6,0,0.2054794520547945,Private,Bachelors,Married-civ-spouse,Exec-managerial,Husband,White,Male,0.0,0.0,0.4285714285714285,United-States,>50K,32.0,Private,Bachelors,Married-civ-spouse,Exec-managerial,Husband,White,Male,0.0,0.0,43.0,United-States,>50K,0.2054794520547945,Private,Bachelors,Separated,Exec-managerial,Husband,White,Male,0.0,0.0,0.4285714285714285,United-States,<=50K,32.0,Private,Bachelors,Separated,Exec-managerial,Husband,White,Male,0.0,0.0,43.0,United-States,<=50K,0.1862130165100097,Y,>50K,>50K
7,0,0.2465753424657534,Private,Some-college,Married-civ-spouse,Prof-specialty,Husband,Amer-Indian-Eskimo,Male,0.0,0.0,0.3979591836734693,United-States,<=50K,35.0,Private,Some-college,Married-civ-spouse,Prof-specialty,Husband,Amer-Indian-Eskimo,Male,0.0,0.0,40.0,United-States,<=50K,0.2465753424657534,Private,Some-college,Married-civ-spouse,Prof-specialty,Husband,Amer-Indian-Eskimo,Male,0.0,0.0,0.3979591836734693,Nicaragua,>50K,35.0,Private,Some-college,Married-civ-spouse,Prof-specialty,Husband,Amer-Indian-Eskimo,Male,0.0,0.0,40.0,Nicaragua,>50K,0.1680293083190918,Y,<=50K,<=50K
7,0,0.2465753424657534,Private,Some-college,Married-civ-spouse,Prof-specialty,Husband,Amer-Indian-Eskimo,Male,0.0,0.0,0.3979591836734693,United-States,<=50K,35.0,Private,Some-college,Married-civ-spouse,Prof-specialty,Husband,Amer-Indian-Eskimo,Male,0.0,0.0,40.0,United-States,<=50K,0.2465753424657534,Private,Some-college,Married-civ-spouse,Adm-clerical,Husband,Amer-Indian-Eskimo,Male,0.0,0.0,0.3979591836734693,United-States,>50K,35.0,Private,Some-college,Married-civ-spouse,Adm-clerical,Husband,Amer-Indian-Eskimo,Male,0.0,0.0,40.0,United-States,>50K,0.1598720550537109,Y,<=50K,<=50K
7,0,0.2465753424657534,Private,Some-college,Married-civ-spouse,Prof-specialty,Husband,Amer-Indian-Eskimo,Male,0.0,0.0,0.3979591836734693,United-States,<=50K,35.0,Private,Some-college,Married-civ-spouse,Prof-specialty,Husband,Amer-Indian-Eskimo,Male,0.0,0.0,40.0,United-States,<=50K,0.2465753424657534,Private,Some-college,Married-civ-spouse,Prof-specialty,Not-in-family,Other,Male,0.0,0.0,0.3979591836734693,United-States,>50K,35.0,Private,Some-college,Married-civ-spouse,Prof-specialty,Not-in-family,Other,Male,0.0,0.0,40.0,United-States,>50K,0.1645088195800781,Y,<=50K,<=50K
7,0,0.2465753424657534,Private,Some-college,Married-civ-spouse,Prof-specialty,Husband,Amer-Indian-Eskimo,Male,0.0,0.0,0.3979591836734693,United-States,<=50K,35.0,Private,Some-college,Married-civ-spouse,Prof-specialty,Husband,Amer-Indian-Eskimo,Male,0.0,0.0,40.0,United-States,<=50K,0.2465753424657534,Private,Bachelors,Married-civ-spouse,Prof-specialty,Husband,Amer-Indian-Eskimo,Male,0.5,0.0,0.3979591836734693,United-States,>50K,35.0,Private,Bachelors,Married-civ-spouse,Prof-specialty,Husband,Amer-Indian-Eskimo,Male,49999.5,0.0,40.0,United-States,>50K,0.1608450412750244,Y,<=50K,<=50K
7,0,0.2465753424657534,Private,Some-college,Married-civ-spouse,Prof-specialty,Husband,Amer-Indian-Eskimo,Male,0.0,0.0,0.3979591836734693,United-States,<=50K,35.0,Private,Some-college,Married-civ-spouse,Prof-specialty,Husband,Amer-Indian-Eskimo,Male,0.0,0.0,40.0,United-States,<=50K,0.2465753424657534,Private,Some-college,Married-civ-spouse,Prof-specialty,Husband,Amer-Indian-Eskimo,Male,1.0,0.0,0.3979591836734693,Holand-Netherlands,>50K,35.0,Private,Some-college,Married-civ-spouse,Prof-specialty,Husband,Amer-Indian-Eskimo,Male,99999.0,0.0,40.0,Holand-Netherlands,>50K,0.1849939823150634,Y,<=50K,<=50K
8,0,0.4794520547945205,Private,5th-6th,Never-married,Handlers-cleaners,Not-in-family,White,Male,0.0,0.0,0.5,United-States,<=50K,52.0,Private,5th-6th,Never-married,Handlers-cleaners,Not-in-family,White,Male,0.0,0.0,50.00000000000001,United-States,<=50K,0.4794520547945205,Private,5th-6th,Never-married,Handlers-cleaners,Not-in-family,Black,Male,0.0,0.8,0.5,United-States,>50K,52.0,Private,5th-6th,Never-married,Handlers-cleaners,Not-in-family,Black,Male,0.0,3484.8,50.00000000000001,United-States,>50K,0.1594159603118896,Y,<=50K,<=50K
8,0,0.4794520547945205,Private,5th-6th,Never-married,Handlers-cleaners,Not-in-family,White,Male,0.0,0.0,0.5,United-States,<=50K,52.0,Private,5th-6th,Never-married,Handlers-cleaners,Not-in-family,White,Male,0.0,0.0,50.00000000000001,United-States,<=50K,0.4794520547945205,Private,5th-6th,Never-married,Handlers-cleaners,Not-in-family,White,Male,1.0,0.0,0.5,United-States,>50K,52.0,Private,5th-6th,Never-married,Handlers-cleaners,Not-in-family,White,Male,99999.0,0.0,50.00000000000001,United-States,>50K,0.1669578552246093,Y,<=50K,<=50K
8,0,0.4794520547945205,Private,5th-6th,Never-married,Handlers-cleaners,Not-in-family,White,Male,0.0,0.0,0.5,United-States,<=50K,52.0,Private,5th-6th,Never-married,Handlers-cleaners,Not-in-family,White,Male,0.0,0.0,50.00000000000001,United-States,<=50K,0.4794520547945205,Private,5th-6th,Never-married,Handlers-cleaners,Not-in-family,White,Male,0.3,0.0,0.5,United-States,>50K,52.0,Private,5th-6th,Never-married,Handlers-cleaners,Not-in-family,White,Male,29999.7,0.0,50.00000000000001,United-States,>50K,0.1636531352996826,Y,<=50K,<=50K
8,0,0.4794520547945205,Private,5th-6th,Never-married,Handlers-cleaners,Not-in-family,White,Male,0.0,0.0,0.5,United-States,<=50K,52.0,Private,5th-6th,Never-married,Handlers-cleaners,Not-in-family,White,Male,0.0,0.0,50.00000000000001,United-States,<=50K,0.4794520547945205,Private,5th-6th,Never-married,Handlers-cleaners,Not-in-family,White,Male,0.7,0.0,0.5,United-States,>50K,52.0,Private,5th-6th,Never-married,Handlers-cleaners,Not-in-family,White,Male,69999.3,0.0,50.00000000000001,United-States,>50K,0.1646709442138672,Y,<=50K,<=50K
8,0,0.4794520547945205,Private,5th-6th,Never-married,Handlers-cleaners,Not-in-family,White,Male,0.0,0.0,0.5,United-States,<=50K,52.0,Private,5th-6th,Never-married,Handlers-cleaners,Not-in-family,White,Male,0.0,0.0,50.00000000000001,United-States,<=50K,0.4794520547945205,Private,5th-6th,Never-married,Handlers-cleaners,Not-in-family,White,Male,0.8,0.7,0.5,United-States,>50K,52.0,Private,5th-6th,Never-married,Handlers-cleaners,Not-in-family,White,Male,79999.20000000001,3049.2,50.00000000000001,United-States,>50K,0.1669490337371826,Y,<=50K,<=50K
9,0,0.2602739726027397,Private,Some-college,Married-civ-spouse,Machine-op-inspct,Husband,White,Male,0.0,0.0,0.3979591836734693,United-States,<=50K,36.0,Private,Some-college,Married-civ-spouse,Machine-op-inspct,Husband,White,Male,0.0,0.0,40.0,United-States,<=50K,0.2602739726027397,Private,Some-college,Separated,Machine-op-inspct,Husband,White,Male,0.0,0.0,0.3979591836734693,United-States,<=50K,36.0,Private,Some-college,Separated,Machine-op-inspct,Husband,White,Male,0.0,0.0,40.0,United-States,<=50K,0.1685788631439209,Y,<=50K,>50K
9,0,0.2602739726027397,Private,Some-college,Married-civ-spouse,Machine-op-inspct,Husband,White,Male,0.0,0.0,0.3979591836734693,United-States,<=50K,36.0,Private,Some-college,Married-civ-spouse,Machine-op-inspct,Husband,White,Male,0.0,0.0,40.0,United-States,<=50K,0.2602739726027397,Private,Some-college,Married-civ-spouse,Machine-op-inspct,Husband,White,Male,0.0,0.0,0.3979591836734693,Philippines,<=50K,36.0,Private,Some-college,Married-civ-spouse,Machine-op-inspct,Husband,White,Male,0.0,0.0,40.0,Philippines,<=50K,0.1676869392395019,Y,<=50K,>50K
9,0,0.2602739726027397,Private,Some-college,Married-civ-spouse,Machine-op-inspct,Husband,White,Male,0.0,0.0,0.3979591836734693,United-States,<=50K,36.0,Private,Some-college,Married-civ-spouse,Machine-op-inspct,Husband,White,Male,0.0,0.0,40.0,United-States,<=50K,0.90743285,Private,Some-college,Married-civ-spouse,Machine-op-inspct,Husband,White,Male,0.0,0.0,0.3979591836734693,United-States,<=50K,83.24259805,Private,Some-college,Married-civ-spouse,Machine-op-inspct,Husband,White,Male,0.0,0.0,40.0,United-States,<=50K,0.1647400856018066,Y,<=50K,>50K
9,0,0.2602739726027397,Private,Some-college,Married-civ-spouse,Machine-op-inspct,Husband,White,Male,0.0,0.0,0.3979591836734693,United-States,<=50K,36.0,Private,Some-college,Married-civ-spouse,Machine-op-inspct,Husband,White,Male,0.0,0.0,40.0,United-States,<=50K,0.2602739726027397,Self-emp-not-inc,Some-college,Married-civ-spouse,Machine-op-inspct,Husband,White,Male,0.0,0.0,0.3979591836734693,United-States,<=50K,36.0,Self-emp-not-inc,Some-college,Married-civ-spouse,Machine-op-inspct,Husband,White,Male,0.0,0.0,40.0,United-States,<=50K,0.1632838249206543,Y,<=50K,>50K
9,0,0.2602739726027397,Private,Some-college,Married-civ-spouse,Machine-op-inspct,Husband,White,Male,0.0,0.0,0.3979591836734693,United-States,<=50K,36.0,Private,Some-college,Married-civ-spouse,Machine-op-inspct,Husband,White,Male,0.0,0.0,40.0,United-States,<=50K,0.2602739726027397,Private,Some-college,Married-civ-spouse,Machine-op-inspct,Husband,White,Male,0.0,0.0,0.74966442,United-States,<=50K,36.0,Private,Some-college,Married-civ-spouse,Machine-op-inspct,Husband,White,Male,0.0,0.0,74.46711316000001,United-States,<=50K,0.160470962524414,Y,<=50K,>50K
10,0,0.1232876712328767,Private,Some-college,Divorced,Adm-clerical,Unmarried,White,Female,0.0,0.0,0.3775510204081632,United-States,<=50K,26.0,Private,Some-college,Divorced,Adm-clerical,Unmarried,White,Female,0.0,0.0,38.0,United-States,<=50K,0.1232876712328767,Private,Some-college,Divorced,Adm-clerical,Unmarried,White,Female,0.9,0.0,0.23840117,United-States,>50K,26.0,Private,Some-college,Divorced,Adm-clerical,Unmarried,White,Female,89999.1,0.0,24.363314660000004,United-States,>50K,0.1624140739440918,Y,<=50K,<=50K
10,0,0.1232876712328767,Private,Some-college,Divorced,Adm-clerical,Unmarried,White,Female,0.0,0.0,0.3775510204081632,United-States,<=50K,26.0,Private,Some-college,Divorced,Adm-clerical,Unmarried,White,Female,0.0,0.0,38.0,United-States,<=50K,0.1232876712328767,Private,Some-college,Divorced,Adm-clerical,Unmarried,White,Female,0.0,0.6,0.3775510204081632,United-States,>50K,26.0,Private,Some-college,Divorced,Adm-clerical,Unmarried,White,Female,0.0,2613.6,38.0,United-States,>50K,0.1587138175964355,Y,<=50K,<=50K
10,0,0.1232876712328767,Private,Some-college,Divorced,Adm-clerical,Unmarried,White,Female,0.0,0.0,0.3775510204081632,United-States,<=50K,26.0,Private,Some-college,Divorced,Adm-clerical,Unmarried,White,Female,0.0,0.0,38.0,United-States,<=50K,0.81559989,Private,Some-college,Divorced,Adm-clerical,Unmarried,White,Female,0.0,0.6,0.3775510204081632,United-States,>50K,76.53879197,Private,Some-college,Divorced,Adm-clerical,Unmarried,White,Female,0.0,2613.6,38.0,United-States,>50K,0.1698501110076904,Y,<=50K,<=50K
10,0,0.1232876712328767,Private,Some-college,Divorced,Adm-clerical,Unmarried,White,Female,0.0,0.0,0.3775510204081632,United-States,<=50K,26.0,Private,Some-college,Divorced,Adm-clerical,Unmarried,White,Female,0.0,0.0,38.0,United-States,<=50K,0.30329451,Private,Some-college,Divorced,Adm-clerical,Unmarried,White,Female,0.0,0.6,0.3775510204081632,United-States,>50K,39.14049923,Private,Some-college,Divorced,Adm-clerical,Unmarried,White,Female,0.0,2613.6,38.0,United-States,>50K,0.1640341281890869,Y,<=50K,<=50K
10,0,0.1232876712328767,Private,Some-college,Divorced,Adm-clerical,Unmarried,White,Female,0.0,0.0,0.3775510204081632,United-States,<=50K,26.0,Private,Some-college,Divorced,Adm-clerical,Unmarried,White,Female,0.0,0.0,38.0,United-States,<=50K,0.1232876712328767,Private,Masters,Divorced,Adm-clerical,Unmarried,White,Female,0.0,0.7,0.3775510204081632,United-States,>50K,26.0,Private,Masters,Divorced,Adm-clerical,Unmarried,White,Female,0.0,3049.2,38.0,United-States,>50K,0.1696448326110839,Y,<=50K,<=50K
11,0,0.273972602739726,State-gov,Bachelors,Never-married,Adm-clerical,Not-in-family,White,Male,0.0,0.0,0.3775510204081632,United-States,<=50K,37.00000000000001,State-gov,Bachelors,Never-married,Adm-clerical,Not-in-family,White,Male,0.0,0.0,38.0,United-States,<=50K,0.273972602739726,State-gov,Bachelors,Never-married,Adm-clerical,Not-in-family,White,Male,0.0,0.9,0.3775510204081632,United-States,>50K,37.00000000000001,State-gov,Bachelors,Never-married,Adm-clerical,Not-in-family,White,Male,0.0,3920.4,38.0,United-States,>50K,0.1717729568481445,Y,<=50K,<=50K
11,0,0.273972602739726,State-gov,Bachelors,Never-married,Adm-clerical,Not-in-family,White,Male,0.0,0.0,0.3775510204081632,United-States,<=50K,37.00000000000001,State-gov,Bachelors,Never-married,Adm-clerical,Not-in-family,White,Male,0.0,0.0,38.0,United-States,<=50K,0.273972602739726,State-gov,Some-college,Married-civ-spouse,Adm-clerical,Not-in-family,White,Male,0.0,0.0,0.3775510204081632,United-States,>50K,37.00000000000001,State-gov,Some-college,Married-civ-spouse,Adm-clerical,Not-in-family,White,Male,0.0,0.0,38.0,United-States,>50K,0.1617238521575927,Y,<=50K,<=50K
11,0,0.273972602739726,State-gov,Bachelors,Never-married,Adm-clerical,Not-in-family,White,Male,0.0,0.0,0.3775510204081632,United-States,<=50K,37.00000000000001,State-gov,Bachelors,Never-married,Adm-clerical,Not-in-family,White,Male,0.0,0.0,38.0,United-States,<=50K,0.273972602739726,State-gov,Bachelors,Never-married,Adm-clerical,Not-in-family,White,Male,0.0,0.6,0.3775510204081632,Ecuador,>50K,37.00000000000001,State-gov,Bachelors,Never-married,Adm-clerical,Not-in-family,White,Male,0.0,2613.6,38.0,Ecuador,>50K,0.1661539077758789,Y,<=50K,<=50K
11,0,0.273972602739726,State-gov,Bachelors,Never-married,Adm-clerical,Not-in-family,White,Male,0.0,0.0,0.3775510204081632,United-States,<=50K,37.00000000000001,State-gov,Bachelors,Never-married,Adm-clerical,Not-in-family,White,Male,0.0,0.0,38.0,United-States,<=50K,0.273972602739726,State-gov,Bachelors,Never-married,Adm-clerical,Not-in-family,White,Male,0.7,0.0,0.3775510204081632,United-States,>50K,37.00000000000001,State-gov,Bachelors,Never-married,Adm-clerical,Not-in-family,White,Male,69999.3,0.0,38.0,United-States,>50K,0.1620609760284423,Y,<=50K,<=50K
11,0,0.273972602739726,State-gov,Bachelors,Never-married,Adm-clerical,Not-in-family,White,Male,0.0,0.0,0.3775510204081632,United-States,<=50K,37.00000000000001,State-gov,Bachelors,Never-married,Adm-clerical,Not-in-family,White,Male,0.0,0.0,38.0,United-States,<=50K,0.273972602739726,State-gov,Assoc-voc,Never-married,Adm-clerical,Not-in-family,White,Male,0.1,0.0,0.3775510204081632,United-States,>50K,37.00000000000001,State-gov,Assoc-voc,Never-married,Adm-clerical,Not-in-family,White,Male,9999.9,0.0,38.0,United-States,>50K,0.1720988750457763,Y,<=50K,<=50K
12,0,0.1232876712328767,Private,Some-college,Married-civ-spouse,Exec-managerial,Husband,White,Male,0.024070240702407,0.0,0.5,United-States,<=50K,26.0,Private,Some-college,Married-civ-spouse,Exec-managerial,Husband,White,Male,2407.0,0.0,50.00000000000001,United-States,<=50K,0.1232876712328767,Private,Some-college,Married-civ-spouse,Tech-support,Husband,White,Male,0.4,0.0,0.5,United-States,>50K,26.0,Private,Some-college,Married-civ-spouse,Tech-support,Husband,White,Male,39999.600000000006,0.0,50.00000000000001,United-States,>50K,0.162050724029541,Y,<=50K,<=50K
12,0,0.1232876712328767,Private,Some-college,Married-civ-spouse,Exec-managerial,Husband,White,Male,0.024070240702407,0.0,0.5,United-States,<=50K,26.0,Private,Some-college,Married-civ-spouse,Exec-managerial,Husband,White,Male,2407.0,0.0,50.00000000000001,United-States,<=50K,0.1232876712328767,Private,Doctorate,Married-civ-spouse,Exec-managerial,Husband,White,Male,0.024070240702407,0.0,0.2478995,United-States,>50K,26.0,Private,Doctorate,Married-civ-spouse,Exec-managerial,Husband,White,Male,2407.0,0.0,25.294151000000003,United-States,>50K,0.1669549942016601,Y,<=50K,<=50K
12,0,0.1232876712328767,Private,Some-college,Married-civ-spouse,Exec-managerial,Husband,White,Male,0.024070240702407,0.0,0.5,United-States,<=50K,26.0,Private,Some-college,Married-civ-spouse,Exec-managerial,Husband,White,Male,2407.0,0.0,50.00000000000001,United-States,<=50K,0.1232876712328767,Private,Some-college,Married-civ-spouse,Exec-managerial,Not-in-family,White,Male,0.024070240702407,0.0,0.5,Philippines,>50K,26.0,Private,Some-college,Married-civ-spouse,Exec-managerial,Not-in-family,White,Male,2407.0,0.0,50.00000000000001,Philippines,>50K,0.1647570133209228,Y,<=50K,<=50K
12,0,0.1232876712328767,Private,Some-college,Married-civ-spouse,Exec-managerial,Husband,White,Male,0.024070240702407,0.0,0.5,United-States,<=50K,26.0,Private,Some-college,Married-civ-spouse,Exec-managerial,Husband,White,Male,2407.0,0.0,50.00000000000001,United-States,<=50K,0.1232876712328767,Private,Some-college,Married-civ-spouse,Exec-managerial,Husband,White,Male,0.5,0.0,0.5,United-States,>50K,26.0,Private,Some-college,Married-civ-spouse,Exec-managerial,Husband,White,Male,49999.5,0.0,50.00000000000001,United-States,>50K,0.1634049415588379,Y,<=50K,<=50K
12,0,0.1232876712328767,Private,Some-college,Married-civ-spouse,Exec-managerial,Husband,White,Male,0.024070240702407,0.0,0.5,United-States,<=50K,26.0,Private,Some-college,Married-civ-spouse,Exec-managerial,Husband,White,Male,2407.0,0.0,50.00000000000001,United-States,<=50K,0.1232876712328767,Private,Some-college,Married-civ-spouse,Exec-managerial,Husband,Asian-Pac-Islander,Male,0.024070240702407,0.0,0.5,United-States,>50K,26.0,Private,Some-college,Married-civ-spouse,Exec-managerial,Husband,Asian-Pac-Islander,Male,2407.0,0.0,50.00000000000001,United-States,>50K,0.1657109260559082,Y,<=50K,<=50K
13,0,0.1506849315068493,Private,Bachelors,Married-civ-spouse,Sales,Husband,White,Male,0.0,0.0,0.3979591836734693,United-States,>50K,28.0,Private,Bachelors,Married-civ-spouse,Sales,Husband,White,Male,0.0,0.0,40.0,United-States,>50K,0.1506849315068493,Private,Bachelors,Married-civ-spouse,Sales,Husband,White,Male,0.5,0.0,0.3979591836734693,United-States,>50K,28.0,Private,Bachelors,Married-civ-spouse,Sales,Husband,White,Male,49999.5,0.0,40.0,United-States,>50K,0.1615569591522216,Y,>50K,<=50K
13,0,0.1506849315068493,Private,Bachelors,Married-civ-spouse,Sales,Husband,White,Male,0.0,0.0,0.3979591836734693,United-States,>50K,28.0,Private,Bachelors,Married-civ-spouse,Sales,Husband,White,Male,0.0,0.0,40.0,United-States,>50K,0.1506849315068493,Private,Bachelors,Married-civ-spouse,Sales,Husband,White,Male,0.2,0.0,0.77979921,United-States,>50K,28.0,Private,Bachelors,Married-civ-spouse,Sales,Husband,White,Male,19999.800000000003,0.0,77.42032258,United-States,>50K,0.1663849353790283,Y,>50K,<=50K
13,0,0.1506849315068493,Private,Bachelors,Married-civ-spouse,Sales,Husband,White,Male,0.0,0.0,0.3979591836734693,United-States,>50K,28.0,Private,Bachelors,Married-civ-spouse,Sales,Husband,White,Male,0.0,0.0,40.0,United-States,>50K,0.1506849315068493,Private,Some-college,Married-civ-spouse,Sales,Husband,White,Male,0.6,0.0,0.3979591836734693,United-States,>50K,28.0,Private,Some-college,Married-civ-spouse,Sales,Husband,White,Male,59999.4,0.0,40.0,United-States,>50K,0.1583747863769531,Y,>50K,<=50K
13,0,0.1506849315068493,Private,Bachelors,Married-civ-spouse,Sales,Husband,White,Male,0.0,0.0,0.3979591836734693,United-States,>50K,28.0,Private,Bachelors,Married-civ-spouse,Sales,Husband,White,Male,0.0,0.0,40.0,United-States,>50K,0.1506849315068493,Private,Bachelors,Married-civ-spouse,Sales,Husband,White,Male,0.9,0.0,0.3979591836734693,United-States,>50K,28.0,Private,Bachelors,Married-civ-spouse,Sales,Husband,White,Male,89999.1,0.0,40.0,United-States,>50K,0.1618759632110595,Y,>50K,<=50K
13,0,0.1506849315068493,Private,Bachelors,Married-civ-spouse,Sales,Husband,White,Male,0.0,0.0,0.3979591836734693,United-States,>50K,28.0,Private,Bachelors,Married-civ-spouse,Sales,Husband,White,Male,0.0,0.0,40.0,United-States,>50K,0.1506849315068493,Private,Bachelors,Married-civ-spouse,Sales,Wife,White,Male,0.0,0.0,0.3979591836734693,United-States,>50K,28.0,Private,Bachelors,Married-civ-spouse,Sales,Wife,White,Male,0.0,0.0,40.0,United-States,>50K,0.1663651466369629,Y,>50K,<=50K
14,0,0.4246575342465753,Self-emp-not-inc,Some-college,Married-civ-spouse,Craft-repair,Husband,Amer-Indian-Eskimo,Male,0.076880768807688,0.0,0.3979591836734693,United-States,>50K,48.0,Self-emp-not-inc,Some-college,Married-civ-spouse,Craft-repair,Husband,Amer-Indian-Eskimo,Male,7688.0,0.0,40.0,United-States,>50K,0.01251375,Self-emp-not-inc,Some-college,Separated,Craft-repair,Husband,Amer-Indian-Eskimo,Male,0.076880768807688,0.0,0.3979591836734693,United-States,<=50K,17.91350375,Self-emp-not-inc,Some-college,Separated,Craft-repair,Husband,Amer-Indian-Eskimo,Male,7688.0,0.0,40.0,United-States,<=50K,0.1694209575653076,Y,>50K,>50K
14,0,0.4246575342465753,Self-emp-not-inc,Some-college,Married-civ-spouse,Craft-repair,Husband,Amer-Indian-Eskimo,Male,0.076880768807688,0.0,0.3979591836734693,United-States,>50K,48.0,Self-emp-not-inc,Some-college,Married-civ-spouse,Craft-repair,Husband,Amer-Indian-Eskimo,Male,7688.0,0.0,40.0,United-States,>50K,0.4246575342465753,Local-gov,Some-college,Separated,Craft-repair,Husband,Amer-Indian-Eskimo,Male,0.076880768807688,0.0,0.3979591836734693,United-States,<=50K,48.0,Local-gov,Some-college,Separated,Craft-repair,Husband,Amer-Indian-Eskimo,Male,7688.0,0.0,40.0,United-States,<=50K,0.1650450229644775,Y,>50K,>50K
14,0,0.4246575342465753,Self-emp-not-inc,Some-college,Married-civ-spouse,Craft-repair,Husband,Amer-Indian-Eskimo,Male,0.076880768807688,0.0,0.3979591836734693,United-States,>50K,48.0,Self-emp-not-inc,Some-college,Married-civ-spouse,Craft-repair,Husband,Amer-Indian-Eskimo,Male,7688.0,0.0,40.0,United-States,>50K,0.4246575342465753,Self-emp-not-inc,HS-grad,Widowed,Craft-repair,Husband,Amer-Indian-Eskimo,Male,0.076880768807688,0.0,0.3979591836734693,United-States,<=50K,48.0,Self-emp-not-inc,HS-grad,Widowed,Craft-repair,Husband,Amer-Indian-Eskimo,Male,7688.0,0.0,40.0,United-States,<=50K,0.1660289764404297,Y,>50K,>50K
14,0,0.4246575342465753,Self-emp-not-inc,Some-college,Married-civ-spouse,Craft-repair,Husband,Amer-Indian-Eskimo,Male,0.076880768807688,0.0,0.3979591836734693,United-States,>50K,48.0,Self-emp-not-inc,Some-college,Married-civ-spouse,Craft-repair,Husband,Amer-Indian-Eskimo,Male,7688.0,0.0,40.0,United-States,>50K,0.4246575342465753,Self-emp-not-inc,Some-college,Never-married,Craft-repair,Husband,Amer-Indian-Eskimo,Male,0.076880768807688,0.5,0.3979591836734693,United-States,<=50K,48.0,Self-emp-not-inc,Some-college,Never-married,Craft-repair,Husband,Amer-Indian-Eskimo,Male,7688.0,2178.0,40.0,United-States,<=50K,0.1627109050750732,Y,>50K,>50K
14,0,0.4246575342465753,Self-emp-not-inc,Some-college,Married-civ-spouse,Craft-repair,Husband,Amer-Indian-Eskimo,Male,0.076880768807688,0.0,0.3979591836734693,United-States,>50K,48.0,Self-emp-not-inc,Some-college,Married-civ-spouse,Craft-repair,Husband,Amer-Indian-Eskimo,Male,7688.0,0.0,40.0,United-States,>50K,0.4246575342465753,Self-emp-not-inc,Assoc-acdm,Divorced,Craft-repair,Husband,Amer-Indian-Eskimo,Male,0.076880768807688,0.0,0.3979591836734693,United-States,<=50K,48.0,Self-emp-not-inc,Assoc-acdm,Divorced,Craft-repair,Husband,Amer-Indian-Eskimo,Male,7688.0,0.0,40.0,United-States,<=50K,0.1612160205841064,Y,>50K,>50K
15,0,0.3424657534246575,Private,Some-college,Divorced,Exec-managerial,Not-in-family,White,Male,0.0,0.3232323232323232,0.3979591836734693,United-States,<=50K,42.0,Private,Some-college,Divorced,Exec-managerial,Not-in-family,White,Male,0.0,1408.0,40.0,United-States,<=50K,0.3424657534246575,Private,Some-college,Divorced,Exec-managerial,Other-relative,White,Male,0.7,0.3232323232323232,0.3979591836734693,United-States,>50K,42.0,Private,Some-college,Divorced,Exec-managerial,Other-relative,White,Male,69999.3,1408.0,40.0,United-States,>50K,0.1717927455902099,Y,<=50K,<=50K
15,0,0.3424657534246575,Private,Some-college,Divorced,Exec-managerial,Not-in-family,White,Male,0.0,0.3232323232323232,0.3979591836734693,United-States,<=50K,42.0,Private,Some-college,Divorced,Exec-managerial,Not-in-family,White,Male,0.0,1408.0,40.0,United-States,<=50K,0.3424657534246575,Private,Some-college,Divorced,Exec-managerial,Not-in-family,White,Male,0.0,0.3232323232323232,0.90127128,United-States,>50K,42.0,Private,Some-college,Divorced,Exec-managerial,Not-in-family,White,Male,0.0,1408.0,89.32458544,United-States,>50K,0.161201000213623,Y,<=50K,<=50K
15,0,0.3424657534246575,Private,Some-college,Divorced,Exec-managerial,Not-in-family,White,Male,0.0,0.3232323232323232,0.3979591836734693,United-States,<=50K,42.0,Private,Some-college,Divorced,Exec-managerial,Not-in-family,White,Male,0.0,1408.0,40.0,United-States,<=50K,0.3424657534246575,Self-emp-not-inc,Some-college,Divorced,Exec-managerial,Not-in-family,White,Male,0.0,0.7,0.3979591836734693,United-States,>50K,42.0,Self-emp-not-inc,Some-college,Divorced,Exec-managerial,Not-in-family,White,Male,0.0,3049.2,40.0,United-States,>50K,0.1632492542266845,Y,<=50K,<=50K
15,0,0.3424657534246575,Private,Some-college,Divorced,Exec-managerial,Not-in-family,White,Male,0.0,0.3232323232323232,0.3979591836734693,United-States,<=50K,42.0,Private,Some-college,Divorced,Exec-managerial,Not-in-family,White,Male,0.0,1408.0,40.0,United-States,<=50K,0.581341,Private,Some-college,Divorced,Exec-managerial,Not-in-family,White,Male,0.0,0.3232323232323232,0.94647046,United-States,>50K,59.437893,Private,Some-college,Divorced,Exec-managerial,Not-in-family,White,Male,0.0,1408.0,93.75410508000002,United-States,>50K,0.1585478782653808,Y,<=50K,<=50K
15,0,0.3424657534246575,Private,Some-college,Divorced,Exec-managerial,Not-in-family,White,Male,0.0,0.3232323232323232,0.3979591836734693,United-States,<=50K,42.0,Private,Some-college,Divorced,Exec-managerial,Not-in-family,White,Male,0.0,1408.0,40.0,United-States,<=50K,0.3424657534246575,Private,Masters,Divorced,Exec-managerial,Not-in-family,White,Male,0.7,0.3232323232323232,0.3979591836734693,United-States,>50K,42.0,Private,Masters,Divorced,Exec-managerial,Not-in-family,White,Male,69999.3,1408.0,40.0,United-States,>50K,0.1730539798736572,Y,<=50K,<=50K
16,0,0.1506849315068493,Private,Assoc-acdm,Never-married,Adm-clerical,Own-child,White,Male,0.0,0.0,0.3163265306122448,United-States,<=50K,28.0,Private,Assoc-acdm,Never-married,Adm-clerical,Own-child,White,Male,0.0,0.0,32.0,United-States,<=50K,0.1506849315068493,Private,Assoc-acdm,Never-married,Adm-clerical,Own-child,White,Male,0.0,1.0,0.3163265306122448,United-States,>50K,28.0,Private,Assoc-acdm,Never-married,Adm-clerical,Own-child,White,Male,0.0,4356.0,32.0,United-States,>50K,0.165522813796997,Y,<=50K,<=50K
16,0,0.1506849315068493,Private,Assoc-acdm,Never-married,Adm-clerical,Own-child,White,Male,0.0,0.0,0.3163265306122448,United-States,<=50K,28.0,Private,Assoc-acdm,Never-married,Adm-clerical,Own-child,White,Male,0.0,0.0,32.0,United-States,<=50K,0.1506849315068493,Private,Assoc-acdm,Never-married,Adm-clerical,Own-child,White,Male,0.3,0.0,0.43629227,United-States,>50K,28.0,Private,Assoc-acdm,Never-married,Adm-clerical,Own-child,White,Male,29999.7,0.0,43.75664246,United-States,>50K,0.1667342185974121,Y,<=50K,<=50K
16,0,0.1506849315068493,Private,Assoc-acdm,Never-married,Adm-clerical,Own-child,White,Male,0.0,0.0,0.3163265306122448,United-States,<=50K,28.0,Private,Assoc-acdm,Never-married,Adm-clerical,Own-child,White,Male,0.0,0.0,32.0,United-States,<=50K,0.1506849315068493,Private,Assoc-acdm,Never-married,Adm-clerical,Own-child,White,Male,0.0,1.1,0.3163265306122448,United-States,>50K,28.0,Private,Assoc-acdm,Never-married,Adm-clerical,Own-child,White,Male,0.0,4791.6,32.0,United-States,>50K,0.1632270812988281,Y,<=50K,<=50K
16,0,0.1506849315068493,Private,Assoc-acdm,Never-married,Adm-clerical,Own-child,White,Male,0.0,0.0,0.3163265306122448,United-States,<=50K,28.0,Private,Assoc-acdm,Never-married,Adm-clerical,Own-child,White,Male,0.0,0.0,32.0,United-States,<=50K,0.1506849315068493,Private,Assoc-acdm,Never-married,Adm-clerical,Own-child,White,Male,0.3,0.0,0.3163265306122448,United-States,>50K,28.0,Private,Assoc-acdm,Never-married,Adm-clerical,Own-child,White,Male,29999.7,0.0,32.0,United-States,>50K,0.1633501052856445,Y,<=50K,<=50K
16,0,0.1506849315068493,Private,Assoc-acdm,Never-married,Adm-clerical,Own-child,White,Male,0.0,0.0,0.3163265306122448,United-States,<=50K,28.0,Private,Assoc-acdm,Never-married,Adm-clerical,Own-child,White,Male,0.0,0.0,32.0,United-States,<=50K,0.1506849315068493,Private,Assoc-acdm,Never-married,Adm-clerical,Own-child,White,Male,0.8,0.0,0.3163265306122448,United-States,>50K,28.0,Private,Assoc-acdm,Never-married,Adm-clerical,Own-child,White,Male,79999.20000000001,0.0,32.0,United-States,>50K,0.1669399738311767,Y,<=50K,<=50K
17,0,0.0547945205479452,Private,Some-college,Never-married,Craft-repair,Own-child,White,Male,0.0,0.3946280991735537,0.2959183673469387,United-States,<=50K,21.0,Private,Some-college,Never-married,Craft-repair,Own-child,White,Male,0.0,1719.0,30.0,United-States,<=50K,0.0547945205479452,Private,Some-college,Married-AF-spouse,Craft-repair,Own-child,White,Male,1.0,0.3946280991735537,0.2959183673469387,United-States,>50K,21.0,Private,Some-college,Married-AF-spouse,Craft-repair,Own-child,White,Male,99999.0,1719.0,30.0,United-States,>50K,0.1616401672363281,Y,<=50K,<=50K
17,0,0.0547945205479452,Private,Some-college,Never-married,Craft-repair,Own-child,White,Male,0.0,0.3946280991735537,0.2959183673469387,United-States,<=50K,21.0,Private,Some-college,Never-married,Craft-repair,Own-child,White,Male,0.0,1719.0,30.0,United-States,<=50K,0.0547945205479452,Private,Some-college,Never-married,Craft-repair,Own-child,White,Male,0.0,0.6,0.93739308,United-States,>50K,21.0,Private,Some-college,Never-married,Craft-repair,Own-child,White,Male,0.0,2613.6,92.86452184,United-States,>50K,0.1615779399871826,Y,<=50K,<=50K
17,0,0.0547945205479452,Private,Some-college,Never-married,Craft-repair,Own-child,White,Male,0.0,0.3946280991735537,0.2959183673469387,United-States,<=50K,21.0,Private,Some-college,Never-married,Craft-repair,Own-child,White,Male,0.0,1719.0,30.0,United-States,<=50K,0.0547945205479452,Private,Bachelors,Never-married,Craft-repair,Own-child,White,Male,0.0,0.6,0.2959183673469387,United-States,>50K,21.0,Private,Bachelors,Never-married,Craft-repair,Own-child,White,Male,0.0,2613.6,30.0,United-States,>50K,0.1640019416809082,Y,<=50K,<=50K
17,0,0.0547945205479452,Private,Some-college,Never-married,Craft-repair,Own-child,White,Male,0.0,0.3946280991735537,0.2959183673469387,United-States,<=50K,21.0,Private,Some-college,Never-married,Craft-repair,Own-child,White,Male,0.0,1719.0,30.0,United-States,<=50K,0.0547945205479452,Private,Some-college,Never-married,Craft-repair,Own-child,White,Male,0.9,0.3946280991735537,0.19765405,United-States,>50K,21.0,Private,Some-college,Never-married,Craft-repair,Own-child,White,Male,89999.1,1719.0,20.370096900000004,United-States,>50K,0.1639971733093261,Y,<=50K,<=50K
17,0,0.0547945205479452,Private,Some-college,Never-married,Craft-repair,Own-child,White,Male,0.0,0.3946280991735537,0.2959183673469387,United-States,<=50K,21.0,Private,Some-college,Never-married,Craft-repair,Own-child,White,Male,0.0,1719.0,30.0,United-States,<=50K,0.0547945205479452,Private,Some-college,Divorced,Craft-repair,Own-child,White,Male,0.0,0.6,0.2959183673469387,United-States,>50K,21.0,Private,Some-college,Divorced,Craft-repair,Own-child,White,Male,0.0,2613.6,30.0,United-States,>50K,0.1631021499633789,Y,<=50K,<=50K
18,0,0.4520547945205479,Self-emp-not-inc,Prof-school,Married-civ-spouse,Prof-specialty,Husband,White,Male,0.0,0.5544077134986226,0.2959183673469387,United-States,>50K,50.0,Self-emp-not-inc,Prof-school,Married-civ-spouse,Prof-specialty,Husband,White,Male,0.0,2415.0,30.0,United-States,>50K,0.4520547945205479,Self-emp-not-inc,Assoc-acdm,Married-civ-spouse,Prof-specialty,Husband,White,Male,0.0,0.5544077134986226,0.00311087,United-States,<=50K,50.0,Self-emp-not-inc,Assoc-acdm,Married-civ-spouse,Prof-specialty,Husband,White,Male,0.0,2415.0,1.30486526,United-States,<=50K,0.1603209972381591,Y,>50K,>50K
18,0,0.4520547945205479,Self-emp-not-inc,Prof-school,Married-civ-spouse,Prof-specialty,Husband,White,Male,0.0,0.5544077134986226,0.2959183673469387,United-States,>50K,50.0,Self-emp-not-inc,Prof-school,Married-civ-spouse,Prof-specialty,Husband,White,Male,0.0,2415.0,30.0,United-States,>50K,0.62040913,Self-emp-not-inc,Prof-school,Married-civ-spouse,Prof-specialty,Husband,White,Male,0.0,0.3,0.2959183673469387,United-States,<=50K,62.28986649,Self-emp-not-inc,Prof-school,Married-civ-spouse,Prof-specialty,Husband,White,Male,0.0,1306.8,30.0,United-States,<=50K,0.1602869033813476,Y,>50K,>50K
18,0,0.4520547945205479,Self-emp-not-inc,Prof-school,Married-civ-spouse,Prof-specialty,Husband,White,Male,0.0,0.5544077134986226,0.2959183673469387,United-States,>50K,50.0,Self-emp-not-inc,Prof-school,Married-civ-spouse,Prof-specialty,Husband,White,Male,0.0,2415.0,30.0,United-States,>50K,0.76967295,Self-emp-not-inc,Assoc-acdm,Married-civ-spouse,Prof-specialty,Husband,White,Male,0.0,0.5544077134986226,0.2959183673469387,United-States,<=50K,73.18612535,Self-emp-not-inc,Assoc-acdm,Married-civ-spouse,Prof-specialty,Husband,White,Male,0.0,2415.0,30.0,United-States,<=50K,0.1627190113067627,Y,>50K,>50K
18,0,0.4520547945205479,Self-emp-not-inc,Prof-school,Married-civ-spouse,Prof-specialty,Husband,White,Male,0.0,0.5544077134986226,0.2959183673469387,United-States,>50K,50.0,Self-emp-not-inc,Prof-school,Married-civ-spouse,Prof-specialty,Husband,White,Male,0.0,2415.0,30.0,United-States,>50K,0.4520547945205479,Self-emp-not-inc,Prof-school,Married-civ-spouse,Prof-specialty,Husband,White,Male,0.0,1.1,0.2959183673469387,United-States,<=50K,50.0,Self-emp-not-inc,Prof-school,Married-civ-spouse,Prof-specialty,Husband,White,Male,0.0,4791.6,30.0,United-States,<=50K,0.1612541675567627,Y,>50K,>50K
18,0,0.4520547945205479,Self-emp-not-inc,Prof-school,Married-civ-spouse,Prof-specialty,Husband,White,Male,0.0,0.5544077134986226,0.2959183673469387,United-States,>50K,50.0,Self-emp-not-inc,Prof-school,Married-civ-spouse,Prof-specialty,Husband,White,Male,0.0,2415.0,30.0,United-States,>50K,0.19241983,Local-gov,Prof-school,Married-civ-spouse,Prof-specialty,Husband,White,Male,0.0,0.5544077134986226,0.2959183673469387,United-States,<=50K,31.046647590000003,Local-gov,Prof-school,Married-civ-spouse,Prof-specialty,Husband,White,Male,0.0,2415.0,30.0,United-States,<=50K,0.1667211055755615,Y,>50K,>50K
19,0,0.0684931506849315,Private,HS-grad,Widowed,Adm-clerical,Own-child,White,Female,0.0,0.0,0.3979591836734693,United-States,<=50K,22.0,Private,HS-grad,Widowed,Adm-clerical,Own-child,White,Female,0.0,0.0,40.0,United-States,<=50K,0.0684931506849315,Private,HS-grad,Widowed,Adm-clerical,Unmarried,White,Female,0.2,0.0,0.3979591836734693,United-States,>50K,22.0,Private,HS-grad,Widowed,Adm-clerical,Unmarried,White,Female,19999.800000000003,0.0,40.0,United-States,>50K,0.1646537780761718,Y,<=50K,<=50K
19,0,0.0684931506849315,Private,HS-grad,Widowed,Adm-clerical,Own-child,White,Female,0.0,0.0,0.3979591836734693,United-States,<=50K,22.0,Private,HS-grad,Widowed,Adm-clerical,Own-child,White,Female,0.0,0.0,40.0,United-States,<=50K,0.0684931506849315,Private,HS-grad,Widowed,Adm-clerical,Own-child,White,Female,0.0,0.7,0.3979591836734693,Columbia,>50K,22.0,Private,HS-grad,Widowed,Adm-clerical,Own-child,White,Female,0.0,3049.2,40.0,Columbia,>50K,1.6086010932922363,Y,<=50K,<=50K
19,0,0.0684931506849315,Private,HS-grad,Widowed,Adm-clerical,Own-child,White,Female,0.0,0.0,0.3979591836734693,United-States,<=50K,22.0,Private,HS-grad,Widowed,Adm-clerical,Own-child,White,Female,0.0,0.0,40.0,United-States,<=50K,0.0684931506849315,Private,HS-grad,Married-AF-spouse,Adm-clerical,Own-child,White,Female,0.0,0.0,0.3979591836734693,Poland,>50K,22.0,Private,HS-grad,Married-AF-spouse,Adm-clerical,Own-child,White,Female,0.0,0.0,40.0,Poland,>50K,0.162524938583374,Y,<=50K,<=50K
19,0,0.0684931506849315,Private,HS-grad,Widowed,Adm-clerical,Own-child,White,Female,0.0,0.0,0.3979591836734693,United-States,<=50K,22.0,Private,HS-grad,Widowed,Adm-clerical,Own-child,White,Female,0.0,0.0,40.0,United-States,<=50K,0.0684931506849315,Private,HS-grad,Widowed,Adm-clerical,Own-child,White,Female,0.0,0.7,0.3979591836734693,United-States,>50K,22.0,Private,HS-grad,Widowed,Adm-clerical,Own-child,White,Female,0.0,3049.2,40.0,United-States,>50K,0.1617028713226318,Y,<=50K,<=50K
19,0,0.0684931506849315,Private,HS-grad,Widowed,Adm-clerical,Own-child,White,Female,0.0,0.0,0.3979591836734693,United-States,<=50K,22.0,Private,HS-grad,Widowed,Adm-clerical,Own-child,White,Female,0.0,0.0,40.0,United-States,<=50K,0.0684931506849315,Private,HS-grad,Widowed,Adm-clerical,Own-child,Asian-Pac-Islander,Female,0.1,0.0,0.3979591836734693,United-States,>50K,22.0,Private,HS-grad,Widowed,Adm-clerical,Own-child,Asian-Pac-Islander,Female,9999.9,0.0,40.0,United-States,>50K,0.1619598865509033,Y,<=50K,<=50K
