,scaled_input_age,scaled_input_capital-gain,scaled_input_capital-loss,scaled_input_hours-per-week,scaled_input_workclass,scaled_input_education,scaled_input_marital-status,scaled_input_occupation,scaled_input_relationship,scaled_input_race,scaled_input_sex,scaled_input_native-country,scaled_input_class,origin_input_age,origin_input_capital-gain,origin_input_capital-loss,origin_input_hours-per-week,origin_input_workclass,origin_input_education,origin_input_marital-status,origin_input_occupation,origin_input_relationship,origin_input_race,origin_input_sex,origin_input_native-country,origin_input_class,scaled_cf_age,scaled_cf_capital-gain,scaled_cf_capital-loss,scaled_cf_hours-per-week,scaled_cf_workclass,scaled_cf_education,scaled_cf_marital-status,scaled_cf_occupation,scaled_cf_relationship,scaled_cf_race,scaled_cf_sex,scaled_cf_native-country,scaled_cf_class,origin_cf_age,origin_cf_capital-gain,origin_cf_capital-loss,origin_cf_hours-per-week,origin_cf_workclass,origin_cf_education,origin_cf_marital-status,origin_cf_occupation,origin_cf_relationship,origin_cf_race,origin_cf_sex,origin_cf_native-country,origin_cf_class,running_time,Found,ground_truth,prediction
0,0.5205479452054793,0.0,0.0,0.14285714285714282,State-gov,Bachelors,Married-civ-spouse,Prof-specialty,Husband,White,Male,United-States,>50K,54.99999999999999,0.0,0.0,14.999999999999998,State-gov,Bachelors,Married-civ-spouse,Prof-specialty,Husband,White,Male,United-States,>50K,0.0,0.0,0.0,0.0,State-gov,9th,Married-civ-spouse,Protective-serv,Wife,White,Female,Haiti,>50K,17.0,0.0,0.0,1.0,State-gov,9th,Married-civ-spouse,Protective-serv,Wife,White,Female,Haiti,>50K,31.706157684326172,Y,<=50K,>50K
0,0.5205479452054793,0.0,0.0,0.14285714285714282,State-gov,Bachelors,Married-civ-spouse,Prof-specialty,Husband,White,Male,United-States,>50K,54.99999999999999,0.0,0.0,14.999999999999998,State-gov,Bachelors,Married-civ-spouse,Prof-specialty,Husband,White,Male,United-States,>50K,0.0,0.0,0.0,0.0,State-gov,9th,Married-civ-spouse,Protective-serv,Wife,White,Female,Haiti,>50K,17.0,0.0,0.0,1.0,State-gov,9th,Married-civ-spouse,Protective-serv,Wife,White,Female,Haiti,>50K,31.463839292526245,Y,<=50K,>50K
0,0.5205479452054793,0.0,0.0,0.14285714285714282,State-gov,Bachelors,Married-civ-spouse,Prof-specialty,Husband,White,Male,United-States,>50K,54.99999999999999,0.0,0.0,14.999999999999998,State-gov,Bachelors,Married-civ-spouse,Prof-specialty,Husband,White,Male,United-States,>50K,0.0,0.0,0.0,0.0,State-gov,9th,Married-civ-spouse,Protective-serv,Wife,White,Female,Haiti,>50K,17.0,0.0,0.0,1.0,State-gov,9th,Married-civ-spouse,Protective-serv,Wife,White,Female,Haiti,>50K,31.141725063323975,Y,<=50K,>50K
0,0.5205479452054793,0.0,0.0,0.14285714285714282,State-gov,Bachelors,Married-civ-spouse,Prof-specialty,Husband,White,Male,United-States,>50K,54.99999999999999,0.0,0.0,14.999999999999998,State-gov,Bachelors,Married-civ-spouse,Prof-specialty,Husband,White,Male,United-States,>50K,0.0,0.0,0.0,0.0,State-gov,9th,Married-civ-spouse,Protective-serv,Wife,White,Female,Haiti,>50K,17.0,0.0,0.0,1.0,State-gov,9th,Married-civ-spouse,Protective-serv,Wife,White,Female,Haiti,>50K,31.364133596420288,Y,<=50K,>50K
0,0.5205479452054793,0.0,0.0,0.14285714285714282,State-gov,Bachelors,Married-civ-spouse,Prof-specialty,Husband,White,Male,United-States,>50K,54.99999999999999,0.0,0.0,14.999999999999998,State-gov,Bachelors,Married-civ-spouse,Prof-specialty,Husband,White,Male,United-States,>50K,0.0,0.0,0.0,0.0,State-gov,9th,Married-civ-spouse,Protective-serv,Wife,White,Female,Haiti,>50K,17.0,0.0,0.0,1.0,State-gov,9th,Married-civ-spouse,Protective-serv,Wife,White,Female,Haiti,>50K,31.218491315841675,Y,<=50K,>50K
0,0.6575342465753424,0.0,0.0,0.19387755102040813,Private,Bachelors,Married-civ-spouse,Transport-moving,Husband,White,Male,United-States,<=50K,65.0,0.0,0.0,20.0,Private,Bachelors,Married-civ-spouse,Transport-moving,Husband,White,Male,United-States,<=50K,,,,,,,,,,,,,,,,,,,,,,,,,,,31.51569628715515,N,<=50K,<=50K
0,0.6575342465753424,0.0,0.0,0.19387755102040813,Private,Bachelors,Married-civ-spouse,Transport-moving,Husband,White,Male,United-States,<=50K,65.0,0.0,0.0,20.0,Private,Bachelors,Married-civ-spouse,Transport-moving,Husband,White,Male,United-States,<=50K,,,,,,,,,,,,,,,,,,,,,,,,,,,31.25140380859375,N,<=50K,<=50K
0,0.6575342465753424,0.0,0.0,0.19387755102040813,Private,Bachelors,Married-civ-spouse,Transport-moving,Husband,White,Male,United-States,<=50K,65.0,0.0,0.0,20.0,Private,Bachelors,Married-civ-spouse,Transport-moving,Husband,White,Male,United-States,<=50K,,,,,,,,,,,,,,,,,,,,,,,,,,,31.49874186515808,N,<=50K,<=50K
0,0.6575342465753424,0.0,0.0,0.19387755102040813,Private,Bachelors,Married-civ-spouse,Transport-moving,Husband,White,Male,United-States,<=50K,65.0,0.0,0.0,20.0,Private,Bachelors,Married-civ-spouse,Transport-moving,Husband,White,Male,United-States,<=50K,,,,,,,,,,,,,,,,,,,,,,,,,,,31.49674701690674,N,<=50K,<=50K
0,0.6575342465753424,0.0,0.0,0.19387755102040813,Private,Bachelors,Married-civ-spouse,Transport-moving,Husband,White,Male,United-States,<=50K,65.0,0.0,0.0,20.0,Private,Bachelors,Married-civ-spouse,Transport-moving,Husband,White,Male,United-States,<=50K,,,,,,,,,,,,,,,,,,,,,,,,,,,31.819883108139038,N,<=50K,<=50K
0,0.1643835616438356,0.0,0.0,0.39795918367346933,Private,HS-grad,Never-married,Craft-repair,Not-in-family,White,Male,Guatemala,<=50K,29.0,0.0,0.0,40.0,Private,HS-grad,Never-married,Craft-repair,Not-in-family,White,Male,Guatemala,<=50K,,,,,,,,,,,,,,,,,,,,,,,,,,,31.16862463951111,N,<=50K,<=50K
0,0.1643835616438356,0.0,0.0,0.39795918367346933,Private,HS-grad,Never-married,Craft-repair,Not-in-family,White,Male,Guatemala,<=50K,29.0,0.0,0.0,40.0,Private,HS-grad,Never-married,Craft-repair,Not-in-family,White,Male,Guatemala,<=50K,,,,,,,,,,,,,,,,,,,,,,,,,,,31.007150650024414,N,<=50K,<=50K
0,0.1643835616438356,0.0,0.0,0.39795918367346933,Private,HS-grad,Never-married,Craft-repair,Not-in-family,White,Male,Guatemala,<=50K,29.0,0.0,0.0,40.0,Private,HS-grad,Never-married,Craft-repair,Not-in-family,White,Male,Guatemala,<=50K,,,,,,,,,,,,,,,,,,,,,,,,,,,31.376070737838745,N,<=50K,<=50K
0,0.1643835616438356,0.0,0.0,0.39795918367346933,Private,HS-grad,Never-married,Craft-repair,Not-in-family,White,Male,Guatemala,<=50K,29.0,0.0,0.0,40.0,Private,HS-grad,Never-married,Craft-repair,Not-in-family,White,Male,Guatemala,<=50K,,,,,,,,,,,,,,,,,,,,,,,,,,,31.034090995788574,N,<=50K,<=50K
0,0.1643835616438356,0.0,0.0,0.39795918367346933,Private,HS-grad,Never-married,Craft-repair,Not-in-family,White,Male,Guatemala,<=50K,29.0,0.0,0.0,40.0,Private,HS-grad,Never-married,Craft-repair,Not-in-family,White,Male,Guatemala,<=50K,,,,,,,,,,,,,,,,,,,,,,,,,,,31.77298069000244,N,<=50K,<=50K
0,0.4931506849315069,0.0,0.0,0.39795918367346933,State-gov,Doctorate,Married-civ-spouse,Prof-specialty,Husband,White,Male,United-States,>50K,53.00000000000001,0.0,0.0,40.0,State-gov,Doctorate,Married-civ-spouse,Prof-specialty,Husband,White,Male,United-States,>50K,0.0,0.0,0.0,0.0,State-gov,9th,Married-civ-spouse,Protective-serv,Wife,White,Female,Haiti,>50K,17.0,0.0,0.0,1.0,State-gov,9th,Married-civ-spouse,Protective-serv,Wife,White,Female,Haiti,>50K,31.3242826461792,Y,>50K,>50K
0,0.4931506849315069,0.0,0.0,0.39795918367346933,State-gov,Doctorate,Married-civ-spouse,Prof-specialty,Husband,White,Male,United-States,>50K,53.00000000000001,0.0,0.0,40.0,State-gov,Doctorate,Married-civ-spouse,Prof-specialty,Husband,White,Male,United-States,>50K,0.0,0.0,0.0,0.0,State-gov,9th,Married-civ-spouse,Protective-serv,Wife,White,Female,Haiti,>50K,17.0,0.0,0.0,1.0,State-gov,9th,Married-civ-spouse,Protective-serv,Wife,White,Female,Haiti,>50K,31.49671721458435,Y,>50K,>50K
0,0.4931506849315069,0.0,0.0,0.39795918367346933,State-gov,Doctorate,Married-civ-spouse,Prof-specialty,Husband,White,Male,United-States,>50K,53.00000000000001,0.0,0.0,40.0,State-gov,Doctorate,Married-civ-spouse,Prof-specialty,Husband,White,Male,United-States,>50K,0.0,0.0,0.0,0.0,State-gov,9th,Married-civ-spouse,Protective-serv,Wife,White,Female,Haiti,>50K,17.0,0.0,0.0,1.0,State-gov,9th,Married-civ-spouse,Protective-serv,Wife,White,Female,Haiti,>50K,31.126924753189087,Y,>50K,>50K
0,0.4931506849315069,0.0,0.0,0.39795918367346933,State-gov,Doctorate,Married-civ-spouse,Prof-specialty,Husband,White,Male,United-States,>50K,53.00000000000001,0.0,0.0,40.0,State-gov,Doctorate,Married-civ-spouse,Prof-specialty,Husband,White,Male,United-States,>50K,0.0,0.0,0.0,0.0,State-gov,9th,Married-civ-spouse,Protective-serv,Wife,White,Female,Haiti,>50K,17.0,0.0,0.0,1.0,State-gov,9th,Married-civ-spouse,Protective-serv,Wife,White,Female,Haiti,>50K,31.178605556488037,Y,>50K,>50K
0,0.4931506849315069,0.0,0.0,0.39795918367346933,State-gov,Doctorate,Married-civ-spouse,Prof-specialty,Husband,White,Male,United-States,>50K,53.00000000000001,0.0,0.0,40.0,State-gov,Doctorate,Married-civ-spouse,Prof-specialty,Husband,White,Male,United-States,>50K,0.0,0.0,0.0,0.0,State-gov,9th,Married-civ-spouse,Protective-serv,Wife,White,Female,Haiti,>50K,17.0,0.0,0.0,1.0,State-gov,9th,Married-civ-spouse,Protective-serv,Wife,White,Female,Haiti,>50K,31.518699407577515,Y,>50K,>50K
0,0.2054794520547945,0.0,0.0,0.39795918367346933,Private,Bachelors,Never-married,Adm-clerical,Not-in-family,Asian-Pac-Islander,Male,United-States,<=50K,32.0,0.0,0.0,40.0,Private,Bachelors,Never-married,Adm-clerical,Not-in-family,Asian-Pac-Islander,Male,United-States,<=50K,,,,,,,,,,,,,,,,,,,,,,,,,,,30.824546575546265,N,<=50K,<=50K
0,0.2054794520547945,0.0,0.0,0.39795918367346933,Private,Bachelors,Never-married,Adm-clerical,Not-in-family,Asian-Pac-Islander,Male,United-States,<=50K,32.0,0.0,0.0,40.0,Private,Bachelors,Never-married,Adm-clerical,Not-in-family,Asian-Pac-Islander,Male,United-States,<=50K,,,,,,,,,,,,,,,,,,,,,,,,,,,30.577214241027832,N,<=50K,<=50K
0,0.2054794520547945,0.0,0.0,0.39795918367346933,Private,Bachelors,Never-married,Adm-clerical,Not-in-family,Asian-Pac-Islander,Male,United-States,<=50K,32.0,0.0,0.0,40.0,Private,Bachelors,Never-married,Adm-clerical,Not-in-family,Asian-Pac-Islander,Male,United-States,<=50K,,,,,,,,,,,,,,,,,,,,,,,,,,,31.54860782623291,N,<=50K,<=50K
0,0.2054794520547945,0.0,0.0,0.39795918367346933,Private,Bachelors,Never-married,Adm-clerical,Not-in-family,Asian-Pac-Islander,Male,United-States,<=50K,32.0,0.0,0.0,40.0,Private,Bachelors,Never-married,Adm-clerical,Not-in-family,Asian-Pac-Islander,Male,United-States,<=50K,,,,,,,,,,,,,,,,,,,,,,,,,,,30.94446849822998,N,<=50K,<=50K
0,0.2054794520547945,0.0,0.0,0.39795918367346933,Private,Bachelors,Never-married,Adm-clerical,Not-in-family,Asian-Pac-Islander,Male,United-States,<=50K,32.0,0.0,0.0,40.0,Private,Bachelors,Never-married,Adm-clerical,Not-in-family,Asian-Pac-Islander,Male,United-States,<=50K,,,,,,,,,,,,,,,,,,,,,,,,,,,30.07467746734619,N,<=50K,<=50K
0,0.2876712328767123,0.0,0.0,0.47959183673469385,Private,HS-grad,Divorced,Other-service,Unmarried,White,Female,United-States,<=50K,38.0,0.0,0.0,48.0,Private,HS-grad,Divorced,Other-service,Unmarried,White,Female,United-States,<=50K,,,,,,,,,,,,,,,,,,,,,,,,,,,30.574185848236084,N,<=50K,<=50K
0,0.2876712328767123,0.0,0.0,0.47959183673469385,Private,HS-grad,Divorced,Other-service,Unmarried,White,Female,United-States,<=50K,38.0,0.0,0.0,48.0,Private,HS-grad,Divorced,Other-service,Unmarried,White,Female,United-States,<=50K,,,,,,,,,,,,,,,,,,,,,,,,,,,29.935952186584473,N,<=50K,<=50K
0,0.2876712328767123,0.0,0.0,0.47959183673469385,Private,HS-grad,Divorced,Other-service,Unmarried,White,Female,United-States,<=50K,38.0,0.0,0.0,48.0,Private,HS-grad,Divorced,Other-service,Unmarried,White,Female,United-States,<=50K,,,,,,,,,,,,,,,,,,,,,,,,,,,31.19452667236328,N,<=50K,<=50K
0,0.2876712328767123,0.0,0.0,0.47959183673469385,Private,HS-grad,Divorced,Other-service,Unmarried,White,Female,United-States,<=50K,38.0,0.0,0.0,48.0,Private,HS-grad,Divorced,Other-service,Unmarried,White,Female,United-States,<=50K,,,,,,,,,,,,,,,,,,,,,,,,,,,30.24210214614868,N,<=50K,<=50K
0,0.2876712328767123,0.0,0.0,0.47959183673469385,Private,HS-grad,Divorced,Other-service,Unmarried,White,Female,United-States,<=50K,38.0,0.0,0.0,48.0,Private,HS-grad,Divorced,Other-service,Unmarried,White,Female,United-States,<=50K,,,,,,,,,,,,,,,,,,,,,,,,,,,30.24811553955078,N,<=50K,<=50K
0,0.2054794520547945,0.0,0.0,0.42857142857142855,Private,Bachelors,Married-civ-spouse,Exec-managerial,Husband,White,Male,United-States,>50K,32.0,0.0,0.0,43.0,Private,Bachelors,Married-civ-spouse,Exec-managerial,Husband,White,Male,United-States,>50K,0.0,0.0,0.0,0.0,State-gov,9th,Married-civ-spouse,Protective-serv,Wife,White,Female,Haiti,>50K,17.0,0.0,0.0,1.0,State-gov,9th,Married-civ-spouse,Protective-serv,Wife,White,Female,Haiti,>50K,31.64831256866455,Y,>50K,>50K
0,0.2054794520547945,0.0,0.0,0.42857142857142855,Private,Bachelors,Married-civ-spouse,Exec-managerial,Husband,White,Male,United-States,>50K,32.0,0.0,0.0,43.0,Private,Bachelors,Married-civ-spouse,Exec-managerial,Husband,White,Male,United-States,>50K,0.0,0.0,0.0,0.0,State-gov,9th,Married-civ-spouse,Protective-serv,Wife,White,Female,Haiti,>50K,17.0,0.0,0.0,1.0,State-gov,9th,Married-civ-spouse,Protective-serv,Wife,White,Female,Haiti,>50K,31.435560703277588,Y,>50K,>50K
0,0.2054794520547945,0.0,0.0,0.42857142857142855,Private,Bachelors,Married-civ-spouse,Exec-managerial,Husband,White,Male,United-States,>50K,32.0,0.0,0.0,43.0,Private,Bachelors,Married-civ-spouse,Exec-managerial,Husband,White,Male,United-States,>50K,0.0,0.0,0.0,0.0,State-gov,9th,Married-civ-spouse,Protective-serv,Wife,White,Female,Haiti,>50K,17.0,0.0,0.0,1.0,State-gov,9th,Married-civ-spouse,Protective-serv,Wife,White,Female,Haiti,>50K,31.349443197250366,Y,>50K,>50K
0,0.2054794520547945,0.0,0.0,0.42857142857142855,Private,Bachelors,Married-civ-spouse,Exec-managerial,Husband,White,Male,United-States,>50K,32.0,0.0,0.0,43.0,Private,Bachelors,Married-civ-spouse,Exec-managerial,Husband,White,Male,United-States,>50K,0.0,0.0,0.0,0.0,State-gov,9th,Married-civ-spouse,Protective-serv,Wife,White,Female,Haiti,>50K,17.0,0.0,0.0,1.0,State-gov,9th,Married-civ-spouse,Protective-serv,Wife,White,Female,Haiti,>50K,30.934536457061768,Y,>50K,>50K
0,0.2054794520547945,0.0,0.0,0.42857142857142855,Private,Bachelors,Married-civ-spouse,Exec-managerial,Husband,White,Male,United-States,>50K,32.0,0.0,0.0,43.0,Private,Bachelors,Married-civ-spouse,Exec-managerial,Husband,White,Male,United-States,>50K,0.0,0.0,0.0,0.0,State-gov,9th,Married-civ-spouse,Protective-serv,Wife,White,Female,Haiti,>50K,17.0,0.0,0.0,1.0,State-gov,9th,Married-civ-spouse,Protective-serv,Wife,White,Female,Haiti,>50K,30.924564838409424,Y,>50K,>50K
0,0.2465753424657534,0.0,0.0,0.39795918367346933,Private,Some-college,Married-civ-spouse,Prof-specialty,Husband,Amer-Indian-Eskimo,Male,United-States,<=50K,35.0,0.0,0.0,40.0,Private,Some-college,Married-civ-spouse,Prof-specialty,Husband,Amer-Indian-Eskimo,Male,United-States,<=50K,,,,,,,,,,,,,,,,,,,,,,,,,,,31.7253680229187,N,<=50K,<=50K
0,0.2465753424657534,0.0,0.0,0.39795918367346933,Private,Some-college,Married-civ-spouse,Prof-specialty,Husband,Amer-Indian-Eskimo,Male,United-States,<=50K,35.0,0.0,0.0,40.0,Private,Some-college,Married-civ-spouse,Prof-specialty,Husband,Amer-Indian-Eskimo,Male,United-States,<=50K,,,,,,,,,,,,,,,,,,,,,,,,,,,31.12505292892456,N,<=50K,<=50K
0,0.2465753424657534,0.0,0.0,0.39795918367346933,Private,Some-college,Married-civ-spouse,Prof-specialty,Husband,Amer-Indian-Eskimo,Male,United-States,<=50K,35.0,0.0,0.0,40.0,Private,Some-college,Married-civ-spouse,Prof-specialty,Husband,Amer-Indian-Eskimo,Male,United-States,<=50K,,,,,,,,,,,,,,,,,,,,,,,,,,,30.952672958374023,N,<=50K,<=50K
0,0.2465753424657534,0.0,0.0,0.39795918367346933,Private,Some-college,Married-civ-spouse,Prof-specialty,Husband,Amer-Indian-Eskimo,Male,United-States,<=50K,35.0,0.0,0.0,40.0,Private,Some-college,Married-civ-spouse,Prof-specialty,Husband,Amer-Indian-Eskimo,Male,United-States,<=50K,,,,,,,,,,,,,,,,,,,,,,,,,,,31.40629506111145,N,<=50K,<=50K
0,0.2465753424657534,0.0,0.0,0.39795918367346933,Private,Some-college,Married-civ-spouse,Prof-specialty,Husband,Amer-Indian-Eskimo,Male,United-States,<=50K,35.0,0.0,0.0,40.0,Private,Some-college,Married-civ-spouse,Prof-specialty,Husband,Amer-Indian-Eskimo,Male,United-States,<=50K,,,,,,,,,,,,,,,,,,,,,,,,,,,30.929548978805542,N,<=50K,<=50K
0,0.4794520547945205,0.0,0.0,0.5,Private,5th-6th,Never-married,Handlers-cleaners,Not-in-family,White,Male,United-States,<=50K,52.0,0.0,0.0,50.00000000000001,Private,5th-6th,Never-married,Handlers-cleaners,Not-in-family,White,Male,United-States,<=50K,,,,,,,,,,,,,,,,,,,,,,,,,,,31.47408962249756,N,<=50K,<=50K
0,0.4794520547945205,0.0,0.0,0.5,Private,5th-6th,Never-married,Handlers-cleaners,Not-in-family,White,Male,United-States,<=50K,52.0,0.0,0.0,50.00000000000001,Private,5th-6th,Never-married,Handlers-cleaners,Not-in-family,White,Male,United-States,<=50K,,,,,,,,,,,,,,,,,,,,,,,,,,,31.166959047317505,N,<=50K,<=50K
0,0.4794520547945205,0.0,0.0,0.5,Private,5th-6th,Never-married,Handlers-cleaners,Not-in-family,White,Male,United-States,<=50K,52.0,0.0,0.0,50.00000000000001,Private,5th-6th,Never-married,Handlers-cleaners,Not-in-family,White,Male,United-States,<=50K,,,,,,,,,,,,,,,,,,,,,,,,,,,31.011382818222046,N,<=50K,<=50K
0,0.4794520547945205,0.0,0.0,0.5,Private,5th-6th,Never-married,Handlers-cleaners,Not-in-family,White,Male,United-States,<=50K,52.0,0.0,0.0,50.00000000000001,Private,5th-6th,Never-married,Handlers-cleaners,Not-in-family,White,Male,United-States,<=50K,,,,,,,,,,,,,,,,,,,,,,,,,,,31.22381615638733,N,<=50K,<=50K
0,0.4794520547945205,0.0,0.0,0.5,Private,5th-6th,Never-married,Handlers-cleaners,Not-in-family,White,Male,United-States,<=50K,52.0,0.0,0.0,50.00000000000001,Private,5th-6th,Never-married,Handlers-cleaners,Not-in-family,White,Male,United-States,<=50K,,,,,,,,,,,,,,,,,,,,,,,,,,,30.770033597946167,N,<=50K,<=50K
0,0.2602739726027397,0.0,0.0,0.39795918367346933,Private,Some-college,Married-civ-spouse,Machine-op-inspct,Husband,White,Male,United-States,<=50K,36.0,0.0,0.0,40.0,Private,Some-college,Married-civ-spouse,Machine-op-inspct,Husband,White,Male,United-States,<=50K,,,,,,,,,,,,,,,,,,,,,,,,,,,30.642378568649292,N,<=50K,<=50K
0,0.2602739726027397,0.0,0.0,0.39795918367346933,Private,Some-college,Married-civ-spouse,Machine-op-inspct,Husband,White,Male,United-States,<=50K,36.0,0.0,0.0,40.0,Private,Some-college,Married-civ-spouse,Machine-op-inspct,Husband,White,Male,United-States,<=50K,,,,,,,,,,,,,,,,,,,,,,,,,,,30.73718023300171,N,<=50K,<=50K
0,0.2602739726027397,0.0,0.0,0.39795918367346933,Private,Some-college,Married-civ-spouse,Machine-op-inspct,Husband,White,Male,United-States,<=50K,36.0,0.0,0.0,40.0,Private,Some-college,Married-civ-spouse,Machine-op-inspct,Husband,White,Male,United-States,<=50K,,,,,,,,,,,,,,,,,,,,,,,,,,,30.416991710662842,N,<=50K,<=50K
0,0.2602739726027397,0.0,0.0,0.39795918367346933,Private,Some-college,Married-civ-spouse,Machine-op-inspct,Husband,White,Male,United-States,<=50K,36.0,0.0,0.0,40.0,Private,Some-college,Married-civ-spouse,Machine-op-inspct,Husband,White,Male,United-States,<=50K,,,,,,,,,,,,,,,,,,,,,,,,,,,31.55373239517212,N,<=50K,<=50K
0,0.2602739726027397,0.0,0.0,0.39795918367346933,Private,Some-college,Married-civ-spouse,Machine-op-inspct,Husband,White,Male,United-States,<=50K,36.0,0.0,0.0,40.0,Private,Some-college,Married-civ-spouse,Machine-op-inspct,Husband,White,Male,United-States,<=50K,,,,,,,,,,,,,,,,,,,,,,,,,,,31.49117136001587,N,<=50K,<=50K
0,0.1232876712328767,0.0,0.0,0.37755102040816324,Private,Some-college,Divorced,Adm-clerical,Unmarried,White,Female,United-States,<=50K,26.0,0.0,0.0,38.0,Private,Some-college,Divorced,Adm-clerical,Unmarried,White,Female,United-States,<=50K,,,,,,,,,,,,,,,,,,,,,,,,,,,31.519025087356567,N,<=50K,<=50K
0,0.1232876712328767,0.0,0.0,0.37755102040816324,Private,Some-college,Divorced,Adm-clerical,Unmarried,White,Female,United-States,<=50K,26.0,0.0,0.0,38.0,Private,Some-college,Divorced,Adm-clerical,Unmarried,White,Female,United-States,<=50K,,,,,,,,,,,,,,,,,,,,,,,,,,,31.457858085632324,N,<=50K,<=50K
0,0.1232876712328767,0.0,0.0,0.37755102040816324,Private,Some-college,Divorced,Adm-clerical,Unmarried,White,Female,United-States,<=50K,26.0,0.0,0.0,38.0,Private,Some-college,Divorced,Adm-clerical,Unmarried,White,Female,United-States,<=50K,,,,,,,,,,,,,,,,,,,,,,,,,,,31.443268537521362,N,<=50K,<=50K
0,0.1232876712328767,0.0,0.0,0.37755102040816324,Private,Some-college,Divorced,Adm-clerical,Unmarried,White,Female,United-States,<=50K,26.0,0.0,0.0,38.0,Private,Some-college,Divorced,Adm-clerical,Unmarried,White,Female,United-States,<=50K,,,,,,,,,,,,,,,,,,,,,,,,,,,31.14407515525818,N,<=50K,<=50K
0,0.1232876712328767,0.0,0.0,0.37755102040816324,Private,Some-college,Divorced,Adm-clerical,Unmarried,White,Female,United-States,<=50K,26.0,0.0,0.0,38.0,Private,Some-college,Divorced,Adm-clerical,Unmarried,White,Female,United-States,<=50K,,,,,,,,,,,,,,,,,,,,,,,,,,,30.837017059326172,N,<=50K,<=50K
0,0.27397260273972607,0.0,0.0,0.37755102040816324,State-gov,Bachelors,Never-married,Adm-clerical,Not-in-family,White,Male,United-States,<=50K,37.00000000000001,0.0,0.0,38.0,State-gov,Bachelors,Never-married,Adm-clerical,Not-in-family,White,Male,United-States,<=50K,,,,,,,,,,,,,,,,,,,,,,,,,,,30.84690499305725,N,<=50K,<=50K
0,0.27397260273972607,0.0,0.0,0.37755102040816324,State-gov,Bachelors,Never-married,Adm-clerical,Not-in-family,White,Male,United-States,<=50K,37.00000000000001,0.0,0.0,38.0,State-gov,Bachelors,Never-married,Adm-clerical,Not-in-family,White,Male,United-States,<=50K,,,,,,,,,,,,,,,,,,,,,,,,,,,31.598819971084595,N,<=50K,<=50K
0,0.27397260273972607,0.0,0.0,0.37755102040816324,State-gov,Bachelors,Never-married,Adm-clerical,Not-in-family,White,Male,United-States,<=50K,37.00000000000001,0.0,0.0,38.0,State-gov,Bachelors,Never-married,Adm-clerical,Not-in-family,White,Male,United-States,<=50K,,,,,,,,,,,,,,,,,,,,,,,,,,,31.530071020126343,N,<=50K,<=50K
0,0.27397260273972607,0.0,0.0,0.37755102040816324,State-gov,Bachelors,Never-married,Adm-clerical,Not-in-family,White,Male,United-States,<=50K,37.00000000000001,0.0,0.0,38.0,State-gov,Bachelors,Never-married,Adm-clerical,Not-in-family,White,Male,United-States,<=50K,,,,,,,,,,,,,,,,,,,,,,,,,,,30.777063846588135,N,<=50K,<=50K
0,0.27397260273972607,0.0,0.0,0.37755102040816324,State-gov,Bachelors,Never-married,Adm-clerical,Not-in-family,White,Male,United-States,<=50K,37.00000000000001,0.0,0.0,38.0,State-gov,Bachelors,Never-married,Adm-clerical,Not-in-family,White,Male,United-States,<=50K,,,,,,,,,,,,,,,,,,,,,,,,,,,30.831916332244873,N,<=50K,<=50K
0,0.1232876712328767,0.024070240702407025,0.0,0.5,Private,Some-college,Married-civ-spouse,Exec-managerial,Husband,White,Male,United-States,>50K,26.0,2407.0,0.0,50.00000000000001,Private,Some-college,Married-civ-spouse,Exec-managerial,Husband,White,Male,United-States,>50K,0.0,0.0,0.0,0.0,State-gov,9th,Married-civ-spouse,Protective-serv,Wife,White,Female,Haiti,>50K,17.0,0.0,0.0,1.0,State-gov,9th,Married-civ-spouse,Protective-serv,Wife,White,Female,Haiti,>50K,31.52108645439148,Y,<=50K,>50K
0,0.1232876712328767,0.024070240702407025,0.0,0.5,Private,Some-college,Married-civ-spouse,Exec-managerial,Husband,White,Male,United-States,>50K,26.0,2407.0,0.0,50.00000000000001,Private,Some-college,Married-civ-spouse,Exec-managerial,Husband,White,Male,United-States,>50K,0.0,0.0,0.0,0.0,State-gov,9th,Married-civ-spouse,Protective-serv,Wife,White,Female,Haiti,>50K,17.0,0.0,0.0,1.0,State-gov,9th,Married-civ-spouse,Protective-serv,Wife,White,Female,Haiti,>50K,31.36859893798828,Y,<=50K,>50K
0,0.1232876712328767,0.024070240702407025,0.0,0.5,Private,Some-college,Married-civ-spouse,Exec-managerial,Husband,White,Male,United-States,>50K,26.0,2407.0,0.0,50.00000000000001,Private,Some-college,Married-civ-spouse,Exec-managerial,Husband,White,Male,United-States,>50K,0.0,0.0,0.0,0.0,State-gov,9th,Married-civ-spouse,Protective-serv,Wife,White,Female,Haiti,>50K,17.0,0.0,0.0,1.0,State-gov,9th,Married-civ-spouse,Protective-serv,Wife,White,Female,Haiti,>50K,31.454254627227783,Y,<=50K,>50K
0,0.1232876712328767,0.024070240702407025,0.0,0.5,Private,Some-college,Married-civ-spouse,Exec-managerial,Husband,White,Male,United-States,>50K,26.0,2407.0,0.0,50.00000000000001,Private,Some-college,Married-civ-spouse,Exec-managerial,Husband,White,Male,United-States,>50K,0.0,0.0,0.0,0.0,State-gov,9th,Married-civ-spouse,Protective-serv,Wife,White,Female,Haiti,>50K,17.0,0.0,0.0,1.0,State-gov,9th,Married-civ-spouse,Protective-serv,Wife,White,Female,Haiti,>50K,31.381481170654297,Y,<=50K,>50K
0,0.1232876712328767,0.024070240702407025,0.0,0.5,Private,Some-college,Married-civ-spouse,Exec-managerial,Husband,White,Male,United-States,>50K,26.0,2407.0,0.0,50.00000000000001,Private,Some-college,Married-civ-spouse,Exec-managerial,Husband,White,Male,United-States,>50K,0.0,0.0,0.0,0.0,State-gov,9th,Married-civ-spouse,Protective-serv,Wife,White,Female,Haiti,>50K,17.0,0.0,0.0,1.0,State-gov,9th,Married-civ-spouse,Protective-serv,Wife,White,Female,Haiti,>50K,31.003495454788208,Y,<=50K,>50K
0,0.1506849315068493,0.0,0.0,0.39795918367346933,Private,Bachelors,Married-civ-spouse,Sales,Husband,White,Male,United-States,>50K,28.0,0.0,0.0,40.0,Private,Bachelors,Married-civ-spouse,Sales,Husband,White,Male,United-States,>50K,0.0,0.0,0.0,0.0,State-gov,9th,Married-civ-spouse,Protective-serv,Wife,White,Female,United-States,>50K,17.0,0.0,0.0,1.0,State-gov,9th,Married-civ-spouse,Protective-serv,Wife,White,Female,United-States,>50K,31.27776002883911,Y,>50K,>50K
0,0.1506849315068493,0.0,0.0,0.39795918367346933,Private,Bachelors,Married-civ-spouse,Sales,Husband,White,Male,United-States,>50K,28.0,0.0,0.0,40.0,Private,Bachelors,Married-civ-spouse,Sales,Husband,White,Male,United-States,>50K,0.0,0.0,0.0,0.0,State-gov,9th,Married-civ-spouse,Protective-serv,Wife,White,Female,United-States,>50K,17.0,0.0,0.0,1.0,State-gov,9th,Married-civ-spouse,Protective-serv,Wife,White,Female,United-States,>50K,31.17004895210266,Y,>50K,>50K
0,0.1506849315068493,0.0,0.0,0.39795918367346933,Private,Bachelors,Married-civ-spouse,Sales,Husband,White,Male,United-States,>50K,28.0,0.0,0.0,40.0,Private,Bachelors,Married-civ-spouse,Sales,Husband,White,Male,United-States,>50K,0.0,0.0,0.0,0.0,State-gov,9th,Married-civ-spouse,Protective-serv,Wife,White,Female,United-States,>50K,17.0,0.0,0.0,1.0,State-gov,9th,Married-civ-spouse,Protective-serv,Wife,White,Female,United-States,>50K,30.977566242218018,Y,>50K,>50K
0,0.1506849315068493,0.0,0.0,0.39795918367346933,Private,Bachelors,Married-civ-spouse,Sales,Husband,White,Male,United-States,>50K,28.0,0.0,0.0,40.0,Private,Bachelors,Married-civ-spouse,Sales,Husband,White,Male,United-States,>50K,0.0,0.0,0.0,0.0,State-gov,9th,Married-civ-spouse,Protective-serv,Wife,White,Female,United-States,>50K,17.0,0.0,0.0,1.0,State-gov,9th,Married-civ-spouse,Protective-serv,Wife,White,Female,United-States,>50K,31.759461641311646,Y,>50K,>50K
0,0.1506849315068493,0.0,0.0,0.39795918367346933,Private,Bachelors,Married-civ-spouse,Sales,Husband,White,Male,United-States,>50K,28.0,0.0,0.0,40.0,Private,Bachelors,Married-civ-spouse,Sales,Husband,White,Male,United-States,>50K,0.0,0.0,0.0,0.0,State-gov,9th,Married-civ-spouse,Protective-serv,Wife,White,Female,United-States,>50K,17.0,0.0,0.0,1.0,State-gov,9th,Married-civ-spouse,Protective-serv,Wife,White,Female,United-States,>50K,31.59498643875122,Y,>50K,>50K
0,0.4246575342465753,0.07688076880768807,0.0,0.39795918367346933,Self-emp-not-inc,Some-college,Married-civ-spouse,Craft-repair,Husband,Amer-Indian-Eskimo,Male,United-States,>50K,48.0,7688.0,0.0,40.0,Self-emp-not-inc,Some-college,Married-civ-spouse,Craft-repair,Husband,Amer-Indian-Eskimo,Male,United-States,>50K,0.0,0.0,0.0,0.0,State-gov,9th,Married-civ-spouse,Craft-repair,Wife,White,Female,Haiti,>50K,17.0,0.0,0.0,1.0,State-gov,9th,Married-civ-spouse,Craft-repair,Wife,White,Female,Haiti,>50K,31.172085762023926,Y,>50K,>50K
0,0.4246575342465753,0.07688076880768807,0.0,0.39795918367346933,Self-emp-not-inc,Some-college,Married-civ-spouse,Craft-repair,Husband,Amer-Indian-Eskimo,Male,United-States,>50K,48.0,7688.0,0.0,40.0,Self-emp-not-inc,Some-college,Married-civ-spouse,Craft-repair,Husband,Amer-Indian-Eskimo,Male,United-States,>50K,0.0,0.0,0.0,0.0,State-gov,9th,Married-civ-spouse,Craft-repair,Wife,White,Female,Haiti,>50K,17.0,0.0,0.0,1.0,State-gov,9th,Married-civ-spouse,Craft-repair,Wife,White,Female,Haiti,>50K,31.549080848693848,Y,>50K,>50K
0,0.4246575342465753,0.07688076880768807,0.0,0.39795918367346933,Self-emp-not-inc,Some-college,Married-civ-spouse,Craft-repair,Husband,Amer-Indian-Eskimo,Male,United-States,>50K,48.0,7688.0,0.0,40.0,Self-emp-not-inc,Some-college,Married-civ-spouse,Craft-repair,Husband,Amer-Indian-Eskimo,Male,United-States,>50K,0.0,0.0,0.0,0.0,State-gov,9th,Married-civ-spouse,Craft-repair,Wife,White,Female,Haiti,>50K,17.0,0.0,0.0,1.0,State-gov,9th,Married-civ-spouse,Craft-repair,Wife,White,Female,Haiti,>50K,31.163183212280273,Y,>50K,>50K
0,0.4246575342465753,0.07688076880768807,0.0,0.39795918367346933,Self-emp-not-inc,Some-college,Married-civ-spouse,Craft-repair,Husband,Amer-Indian-Eskimo,Male,United-States,>50K,48.0,7688.0,0.0,40.0,Self-emp-not-inc,Some-college,Married-civ-spouse,Craft-repair,Husband,Amer-Indian-Eskimo,Male,United-States,>50K,0.0,0.0,0.0,0.0,State-gov,9th,Married-civ-spouse,Craft-repair,Wife,White,Female,Haiti,>50K,17.0,0.0,0.0,1.0,State-gov,9th,Married-civ-spouse,Craft-repair,Wife,White,Female,Haiti,>50K,31.7016658782959,Y,>50K,>50K
0,0.4246575342465753,0.07688076880768807,0.0,0.39795918367346933,Self-emp-not-inc,Some-college,Married-civ-spouse,Craft-repair,Husband,Amer-Indian-Eskimo,Male,United-States,>50K,48.0,7688.0,0.0,40.0,Self-emp-not-inc,Some-college,Married-civ-spouse,Craft-repair,Husband,Amer-Indian-Eskimo,Male,United-States,>50K,0.0,0.0,0.0,0.0,State-gov,9th,Married-civ-spouse,Craft-repair,Wife,White,Female,Haiti,>50K,17.0,0.0,0.0,1.0,State-gov,9th,Married-civ-spouse,Craft-repair,Wife,White,Female,Haiti,>50K,31.253902673721313,Y,>50K,>50K
0,0.3424657534246575,0.0,0.3232323232323232,0.39795918367346933,Private,Some-college,Divorced,Exec-managerial,Not-in-family,White,Male,United-States,<=50K,42.0,0.0,1408.0,40.0,Private,Some-college,Divorced,Exec-managerial,Not-in-family,White,Male,United-States,<=50K,,,,,,,,,,,,,,,,,,,,,,,,,,,31.63119411468506,N,<=50K,<=50K
0,0.3424657534246575,0.0,0.3232323232323232,0.39795918367346933,Private,Some-college,Divorced,Exec-managerial,Not-in-family,White,Male,United-States,<=50K,42.0,0.0,1408.0,40.0,Private,Some-college,Divorced,Exec-managerial,Not-in-family,White,Male,United-States,<=50K,,,,,,,,,,,,,,,,,,,,,,,,,,,30.914862394332886,N,<=50K,<=50K
0,0.3424657534246575,0.0,0.3232323232323232,0.39795918367346933,Private,Some-college,Divorced,Exec-managerial,Not-in-family,White,Male,United-States,<=50K,42.0,0.0,1408.0,40.0,Private,Some-college,Divorced,Exec-managerial,Not-in-family,White,Male,United-States,<=50K,,,,,,,,,,,,,,,,,,,,,,,,,,,31.390499114990234,N,<=50K,<=50K
0,0.3424657534246575,0.0,0.3232323232323232,0.39795918367346933,Private,Some-college,Divorced,Exec-managerial,Not-in-family,White,Male,United-States,<=50K,42.0,0.0,1408.0,40.0,Private,Some-college,Divorced,Exec-managerial,Not-in-family,White,Male,United-States,<=50K,,,,,,,,,,,,,,,,,,,,,,,,,,,33.00814461708069,N,<=50K,<=50K
0,0.3424657534246575,0.0,0.3232323232323232,0.39795918367346933,Private,Some-college,Divorced,Exec-managerial,Not-in-family,White,Male,United-States,<=50K,42.0,0.0,1408.0,40.0,Private,Some-college,Divorced,Exec-managerial,Not-in-family,White,Male,United-States,<=50K,,,,,,,,,,,,,,,,,,,,,,,,,,,30.9467134475708,N,<=50K,<=50K
0,0.1506849315068493,0.0,0.0,0.31632653061224486,Private,Assoc-acdm,Never-married,Adm-clerical,Own-child,White,Male,United-States,<=50K,28.0,0.0,0.0,32.0,Private,Assoc-acdm,Never-married,Adm-clerical,Own-child,White,Male,United-States,<=50K,,,,,,,,,,,,,,,,,,,,,,,,,,,30.741284132003784,N,<=50K,<=50K
0,0.1506849315068493,0.0,0.0,0.31632653061224486,Private,Assoc-acdm,Never-married,Adm-clerical,Own-child,White,Male,United-States,<=50K,28.0,0.0,0.0,32.0,Private,Assoc-acdm,Never-married,Adm-clerical,Own-child,White,Male,United-States,<=50K,,,,,,,,,,,,,,,,,,,,,,,,,,,32.032809019088745,N,<=50K,<=50K
0,0.1506849315068493,0.0,0.0,0.31632653061224486,Private,Assoc-acdm,Never-married,Adm-clerical,Own-child,White,Male,United-States,<=50K,28.0,0.0,0.0,32.0,Private,Assoc-acdm,Never-married,Adm-clerical,Own-child,White,Male,United-States,<=50K,,,,,,,,,,,,,,,,,,,,,,,,,,,32.92442846298218,N,<=50K,<=50K
0,0.1506849315068493,0.0,0.0,0.31632653061224486,Private,Assoc-acdm,Never-married,Adm-clerical,Own-child,White,Male,United-States,<=50K,28.0,0.0,0.0,32.0,Private,Assoc-acdm,Never-married,Adm-clerical,Own-child,White,Male,United-States,<=50K,,,,,,,,,,,,,,,,,,,,,,,,,,,34.10024619102478,N,<=50K,<=50K
0,0.1506849315068493,0.0,0.0,0.31632653061224486,Private,Assoc-acdm,Never-married,Adm-clerical,Own-child,White,Male,United-States,<=50K,28.0,0.0,0.0,32.0,Private,Assoc-acdm,Never-married,Adm-clerical,Own-child,White,Male,United-States,<=50K,,,,,,,,,,,,,,,,,,,,,,,,,,,31.01857566833496,N,<=50K,<=50K
0,0.0547945205479452,0.0,0.39462809917355374,0.2959183673469387,Private,Some-college,Never-married,Craft-repair,Own-child,White,Male,United-States,<=50K,21.0,0.0,1719.0,29.999999999999996,Private,Some-college,Never-married,Craft-repair,Own-child,White,Male,United-States,<=50K,,,,,,,,,,,,,,,,,,,,,,,,,,,30.590664863586426,N,<=50K,<=50K
0,0.0547945205479452,0.0,0.39462809917355374,0.2959183673469387,Private,Some-college,Never-married,Craft-repair,Own-child,White,Male,United-States,<=50K,21.0,0.0,1719.0,29.999999999999996,Private,Some-college,Never-married,Craft-repair,Own-child,White,Male,United-States,<=50K,,,,,,,,,,,,,,,,,,,,,,,,,,,30.623570919036865,N,<=50K,<=50K
0,0.0547945205479452,0.0,0.39462809917355374,0.2959183673469387,Private,Some-college,Never-married,Craft-repair,Own-child,White,Male,United-States,<=50K,21.0,0.0,1719.0,29.999999999999996,Private,Some-college,Never-married,Craft-repair,Own-child,White,Male,United-States,<=50K,,,,,,,,,,,,,,,,,,,,,,,,,,,31.363609075546265,N,<=50K,<=50K
0,0.0547945205479452,0.0,0.39462809917355374,0.2959183673469387,Private,Some-college,Never-married,Craft-repair,Own-child,White,Male,United-States,<=50K,21.0,0.0,1719.0,29.999999999999996,Private,Some-college,Never-married,Craft-repair,Own-child,White,Male,United-States,<=50K,,,,,,,,,,,,,,,,,,,,,,,,,,,30.953747034072876,N,<=50K,<=50K
0,0.0547945205479452,0.0,0.39462809917355374,0.2959183673469387,Private,Some-college,Never-married,Craft-repair,Own-child,White,Male,United-States,<=50K,21.0,0.0,1719.0,29.999999999999996,Private,Some-college,Never-married,Craft-repair,Own-child,White,Male,United-States,<=50K,,,,,,,,,,,,,,,,,,,,,,,,,,,31.142214059829712,N,<=50K,<=50K
0,0.4520547945205479,0.0,0.5544077134986226,0.2959183673469387,Self-emp-not-inc,Prof-school,Married-civ-spouse,Prof-specialty,Husband,White,Male,United-States,>50K,50.0,0.0,2415.0,29.999999999999996,Self-emp-not-inc,Prof-school,Married-civ-spouse,Prof-specialty,Husband,White,Male,United-States,>50K,0.0,0.0,0.0,0.0,State-gov,9th,Married-civ-spouse,Protective-serv,Wife,White,Female,Haiti,>50K,17.0,0.0,0.0,1.0,State-gov,9th,Married-civ-spouse,Protective-serv,Wife,White,Female,Haiti,>50K,31.535213708877563,Y,>50K,>50K
0,0.4520547945205479,0.0,0.5544077134986226,0.2959183673469387,Self-emp-not-inc,Prof-school,Married-civ-spouse,Prof-specialty,Husband,White,Male,United-States,>50K,50.0,0.0,2415.0,29.999999999999996,Self-emp-not-inc,Prof-school,Married-civ-spouse,Prof-specialty,Husband,White,Male,United-States,>50K,0.0,0.0,0.0,0.0,State-gov,9th,Married-civ-spouse,Protective-serv,Wife,White,Female,Haiti,>50K,17.0,0.0,0.0,1.0,State-gov,9th,Married-civ-spouse,Protective-serv,Wife,White,Female,Haiti,>50K,31.28186845779419,Y,>50K,>50K
0,0.4520547945205479,0.0,0.5544077134986226,0.2959183673469387,Self-emp-not-inc,Prof-school,Married-civ-spouse,Prof-specialty,Husband,White,Male,United-States,>50K,50.0,0.0,2415.0,29.999999999999996,Self-emp-not-inc,Prof-school,Married-civ-spouse,Prof-specialty,Husband,White,Male,United-States,>50K,0.0,0.0,0.0,0.0,State-gov,9th,Married-civ-spouse,Protective-serv,Wife,White,Female,Haiti,>50K,17.0,0.0,0.0,1.0,State-gov,9th,Married-civ-spouse,Protective-serv,Wife,White,Female,Haiti,>50K,31.81739592552185,Y,>50K,>50K
0,0.4520547945205479,0.0,0.5544077134986226,0.2959183673469387,Self-emp-not-inc,Prof-school,Married-civ-spouse,Prof-specialty,Husband,White,Male,United-States,>50K,50.0,0.0,2415.0,29.999999999999996,Self-emp-not-inc,Prof-school,Married-civ-spouse,Prof-specialty,Husband,White,Male,United-States,>50K,0.0,0.0,0.0,0.0,State-gov,9th,Married-civ-spouse,Protective-serv,Wife,White,Female,Haiti,>50K,17.0,0.0,0.0,1.0,State-gov,9th,Married-civ-spouse,Protective-serv,Wife,White,Female,Haiti,>50K,31.390722513198853,Y,>50K,>50K
0,0.4520547945205479,0.0,0.5544077134986226,0.2959183673469387,Self-emp-not-inc,Prof-school,Married-civ-spouse,Prof-specialty,Husband,White,Male,United-States,>50K,50.0,0.0,2415.0,29.999999999999996,Self-emp-not-inc,Prof-school,Married-civ-spouse,Prof-specialty,Husband,White,Male,United-States,>50K,0.0,0.0,0.0,0.0,State-gov,9th,Married-civ-spouse,Protective-serv,Wife,White,Female,Haiti,>50K,17.0,0.0,0.0,1.0,State-gov,9th,Married-civ-spouse,Protective-serv,Wife,White,Female,Haiti,>50K,31.4284725189209,Y,>50K,>50K
0,0.0684931506849315,0.0,0.0,0.39795918367346933,Private,HS-grad,Widowed,Adm-clerical,Own-child,White,Female,United-States,<=50K,22.0,0.0,0.0,40.0,Private,HS-grad,Widowed,Adm-clerical,Own-child,White,Female,United-States,<=50K,,,,,,,,,,,,,,,,,,,,,,,,,,,30.478027820587158,N,<=50K,<=50K
0,0.0684931506849315,0.0,0.0,0.39795918367346933,Private,HS-grad,Widowed,Adm-clerical,Own-child,White,Female,United-States,<=50K,22.0,0.0,0.0,40.0,Private,HS-grad,Widowed,Adm-clerical,Own-child,White,Female,United-States,<=50K,,,,,,,,,,,,,,,,,,,,,,,,,,,30.944803714752197,N,<=50K,<=50K
0,0.0684931506849315,0.0,0.0,0.39795918367346933,Private,HS-grad,Widowed,Adm-clerical,Own-child,White,Female,United-States,<=50K,22.0,0.0,0.0,40.0,Private,HS-grad,Widowed,Adm-clerical,Own-child,White,Female,United-States,<=50K,,,,,,,,,,,,,,,,,,,,,,,,,,,30.683592796325684,N,<=50K,<=50K
0,0.0684931506849315,0.0,0.0,0.39795918367346933,Private,HS-grad,Widowed,Adm-clerical,Own-child,White,Female,United-States,<=50K,22.0,0.0,0.0,40.0,Private,HS-grad,Widowed,Adm-clerical,Own-child,White,Female,United-States,<=50K,,,,,,,,,,,,,,,,,,,,,,,,,,,30.471089124679565,N,<=50K,<=50K
0,0.0684931506849315,0.0,0.0,0.39795918367346933,Private,HS-grad,Widowed,Adm-clerical,Own-child,White,Female,United-States,<=50K,22.0,0.0,0.0,40.0,Private,HS-grad,Widowed,Adm-clerical,Own-child,White,Female,United-States,<=50K,,,,,,,,,,,,,,,,,,,,,,,,,,,30.77423596382141,N,<=50K,<=50K
