,scaled_input_duration_in_month,scaled_input_credit_amount,scaled_input_installment_as_income_perc,scaled_input_present_res_since,scaled_input_age,scaled_input_credits_this_bank,scaled_input_people_under_maintenance,scaled_input_account_check_status,scaled_input_credit_history,scaled_input_purpose,scaled_input_savings,scaled_input_present_emp_since,scaled_input_personal_status_sex,scaled_input_other_debtors,scaled_input_property,scaled_input_other_installment_plans,scaled_input_housing,scaled_input_job,scaled_input_telephone,scaled_input_foreign_worker,scaled_input_default,origin_input_duration_in_month,origin_input_credit_amount,origin_input_installment_as_income_perc,origin_input_present_res_since,origin_input_age,origin_input_credits_this_bank,origin_input_people_under_maintenance,origin_input_account_check_status,origin_input_credit_history,origin_input_purpose,origin_input_savings,origin_input_present_emp_since,origin_input_personal_status_sex,origin_input_other_debtors,origin_input_property,origin_input_other_installment_plans,origin_input_housing,origin_input_job,origin_input_telephone,origin_input_foreign_worker,origin_input_default,scaled_cf_duration_in_month,scaled_cf_credit_amount,scaled_cf_installment_as_income_perc,scaled_cf_present_res_since,scaled_cf_age,scaled_cf_credits_this_bank,scaled_cf_people_under_maintenance,scaled_cf_account_check_status,scaled_cf_credit_history,scaled_cf_purpose,scaled_cf_savings,scaled_cf_present_emp_since,scaled_cf_personal_status_sex,scaled_cf_other_debtors,scaled_cf_property,scaled_cf_other_installment_plans,scaled_cf_housing,scaled_cf_job,scaled_cf_telephone,scaled_cf_foreign_worker,scaled_cf_default,origin_cf_duration_in_month,origin_cf_credit_amount,origin_cf_installment_as_income_perc,origin_cf_present_res_since,origin_cf_age,origin_cf_credits_this_bank,origin_cf_people_under_maintenance,origin_cf_account_check_status,origin_cf_credit_history,origin_cf_purpose,origin_cf_savings,origin_cf_present_emp_since,origin_cf_personal_status_sex,origin_cf_other_debtors,origin_cf_property,origin_cf_other_installment_plans,origin_cf_housing,origin_cf_job,origin_cf_telephone,origin_cf_foreign_worker,origin_cf_default,running_time,Found,ground_truth,prediction
0,0.47058823529411764,0.36519203257400684,1.0,0.6666666666666667,0.17857142857142855,0.0,0.0,< 0 DM,delay in paying off in the past,(vacation - does not exist?),... < 100 DM,1 <= ... < 4 years,male : single,none,if not A121 : building society savings agreement/ life insurance,stores,own,skilled employee / official,"yes, registered under the customers name ",yes,Y,36.0,6887.0,4.0,3.0,28.999999999999996,1.0,1.0,< 0 DM,delay in paying off in the past,(vacation - does not exist?),... < 100 DM,1 <= ... < 4 years,male : single,none,if not A121 : building society savings agreement/ life insurance,stores,own,skilled employee / official,"yes, registered under the customers name ",yes,Y,0.0,0.0,1.0,0.0,0.0,0.0,0.0,no checking account,delay in paying off in the past,business,500 <= ... < 1000 DM ,... < 1 year ,male : single,co-applicant,"if not A121/A122 : car or other, not in attribute 6",none,own,unskilled - resident,none,yes,Y,4.0,250.0,4.0,1.0,19.0,1.0,1.0,no checking account,delay in paying off in the past,business,500 <= ... < 1000 DM ,... < 1 year ,male : single,co-applicant,"if not A121/A122 : car or other, not in attribute 6",none,own,unskilled - resident,none,yes,Y,154.58360719680786,Y,Y,Y
0,0.47058823529411764,0.36519203257400684,1.0,0.6666666666666667,0.17857142857142855,0.0,0.0,< 0 DM,delay in paying off in the past,(vacation - does not exist?),... < 100 DM,1 <= ... < 4 years,male : single,none,if not A121 : building society savings agreement/ life insurance,stores,own,skilled employee / official,"yes, registered under the customers name ",yes,Y,36.0,6887.0,4.0,3.0,28.999999999999996,1.0,1.0,< 0 DM,delay in paying off in the past,(vacation - does not exist?),... < 100 DM,1 <= ... < 4 years,male : single,none,if not A121 : building society savings agreement/ life insurance,stores,own,skilled employee / official,"yes, registered under the customers name ",yes,Y,0.0,0.0,1.0,0.0,0.0,0.0,0.0,no checking account,delay in paying off in the past,business,500 <= ... < 1000 DM ,... < 1 year ,male : single,co-applicant,"if not A121/A122 : car or other, not in attribute 6",none,own,unskilled - resident,none,yes,Y,4.0,250.0,4.0,1.0,19.0,1.0,1.0,no checking account,delay in paying off in the past,business,500 <= ... < 1000 DM ,... < 1 year ,male : single,co-applicant,"if not A121/A122 : car or other, not in attribute 6",none,own,unskilled - resident,none,yes,Y,154.69650316238403,Y,Y,Y
0,0.47058823529411764,0.36519203257400684,1.0,0.6666666666666667,0.17857142857142855,0.0,0.0,< 0 DM,delay in paying off in the past,(vacation - does not exist?),... < 100 DM,1 <= ... < 4 years,male : single,none,if not A121 : building society savings agreement/ life insurance,stores,own,skilled employee / official,"yes, registered under the customers name ",yes,Y,36.0,6887.0,4.0,3.0,28.999999999999996,1.0,1.0,< 0 DM,delay in paying off in the past,(vacation - does not exist?),... < 100 DM,1 <= ... < 4 years,male : single,none,if not A121 : building society savings agreement/ life insurance,stores,own,skilled employee / official,"yes, registered under the customers name ",yes,Y,0.0,0.0,1.0,0.0,0.0,0.0,0.0,no checking account,delay in paying off in the past,business,500 <= ... < 1000 DM ,... < 1 year ,male : single,co-applicant,"if not A121/A122 : car or other, not in attribute 6",none,own,unskilled - resident,none,yes,Y,4.0,250.0,4.0,1.0,19.0,1.0,1.0,no checking account,delay in paying off in the past,business,500 <= ... < 1000 DM ,... < 1 year ,male : single,co-applicant,"if not A121/A122 : car or other, not in attribute 6",none,own,unskilled - resident,none,yes,Y,154.2135992050171,Y,Y,Y
0,0.47058823529411764,0.36519203257400684,1.0,0.6666666666666667,0.17857142857142855,0.0,0.0,< 0 DM,delay in paying off in the past,(vacation - does not exist?),... < 100 DM,1 <= ... < 4 years,male : single,none,if not A121 : building society savings agreement/ life insurance,stores,own,skilled employee / official,"yes, registered under the customers name ",yes,Y,36.0,6887.0,4.0,3.0,28.999999999999996,1.0,1.0,< 0 DM,delay in paying off in the past,(vacation - does not exist?),... < 100 DM,1 <= ... < 4 years,male : single,none,if not A121 : building society savings agreement/ life insurance,stores,own,skilled employee / official,"yes, registered under the customers name ",yes,Y,0.0,0.0,1.0,0.0,0.0,0.0,0.0,no checking account,delay in paying off in the past,business,500 <= ... < 1000 DM ,... < 1 year ,male : single,co-applicant,"if not A121/A122 : car or other, not in attribute 6",none,own,unskilled - resident,none,yes,Y,4.0,250.0,4.0,1.0,19.0,1.0,1.0,no checking account,delay in paying off in the past,business,500 <= ... < 1000 DM ,... < 1 year ,male : single,co-applicant,"if not A121/A122 : car or other, not in attribute 6",none,own,unskilled - resident,none,yes,Y,153.8615472316742,Y,Y,Y
0,0.47058823529411764,0.36519203257400684,1.0,0.6666666666666667,0.17857142857142855,0.0,0.0,< 0 DM,delay in paying off in the past,(vacation - does not exist?),... < 100 DM,1 <= ... < 4 years,male : single,none,if not A121 : building society savings agreement/ life insurance,stores,own,skilled employee / official,"yes, registered under the customers name ",yes,Y,36.0,6887.0,4.0,3.0,28.999999999999996,1.0,1.0,< 0 DM,delay in paying off in the past,(vacation - does not exist?),... < 100 DM,1 <= ... < 4 years,male : single,none,if not A121 : building society savings agreement/ life insurance,stores,own,skilled employee / official,"yes, registered under the customers name ",yes,Y,0.0,0.0,1.0,0.0,0.0,0.0,0.0,no checking account,delay in paying off in the past,business,500 <= ... < 1000 DM ,... < 1 year ,male : single,co-applicant,"if not A121/A122 : car or other, not in attribute 6",none,own,unskilled - resident,none,yes,Y,4.0,250.0,4.0,1.0,19.0,1.0,1.0,no checking account,delay in paying off in the past,business,500 <= ... < 1000 DM ,... < 1 year ,male : single,co-applicant,"if not A121/A122 : car or other, not in attribute 6",none,own,unskilled - resident,none,yes,Y,154.61945486068726,Y,Y,Y
0,0.1176470588235294,0.035875426433366345,1.0,1.0,0.035714285714285754,0.0,0.0,< 0 DM,existing credits paid back duly till now,retraining,... < 100 DM,4 <= ... < 7 years,male : married/widowed,none,if not A121 : building society savings agreement/ life insurance,none,rent,skilled employee / official,none,yes,Y,11.999999999999998,902.0,4.0,4.0,21.0,1.0,1.0,< 0 DM,existing credits paid back duly till now,retraining,... < 100 DM,4 <= ... < 7 years,male : married/widowed,none,if not A121 : building society savings agreement/ life insurance,none,rent,skilled employee / official,none,yes,Y,0.0,0.0,1.0,1.0,0.0,0.0,0.0,no checking account,delay in paying off in the past,business,500 <= ... < 1000 DM ,... < 1 year ,male : single,co-applicant,"if not A121/A122 : car or other, not in attribute 6",none,own,unskilled - resident,none,yes,Y,4.0,250.0,4.0,4.0,19.0,1.0,1.0,no checking account,delay in paying off in the past,business,500 <= ... < 1000 DM ,... < 1 year ,male : single,co-applicant,"if not A121/A122 : car or other, not in attribute 6",none,own,unskilled - resident,none,yes,Y,154.3532154560089,Y,Y,Y
0,0.1176470588235294,0.035875426433366345,1.0,1.0,0.035714285714285754,0.0,0.0,< 0 DM,existing credits paid back duly till now,retraining,... < 100 DM,4 <= ... < 7 years,male : married/widowed,none,if not A121 : building society savings agreement/ life insurance,none,rent,skilled employee / official,none,yes,Y,11.999999999999998,902.0,4.0,4.0,21.0,1.0,1.0,< 0 DM,existing credits paid back duly till now,retraining,... < 100 DM,4 <= ... < 7 years,male : married/widowed,none,if not A121 : building society savings agreement/ life insurance,none,rent,skilled employee / official,none,yes,Y,0.0,0.0,1.0,1.0,0.0,0.0,0.0,no checking account,delay in paying off in the past,business,500 <= ... < 1000 DM ,... < 1 year ,male : single,co-applicant,"if not A121/A122 : car or other, not in attribute 6",none,own,unskilled - resident,none,yes,Y,4.0,250.0,4.0,4.0,19.0,1.0,1.0,no checking account,delay in paying off in the past,business,500 <= ... < 1000 DM ,... < 1 year ,male : single,co-applicant,"if not A121/A122 : car or other, not in attribute 6",none,own,unskilled - resident,none,yes,Y,154.10551404953003,Y,Y,Y
0,0.1176470588235294,0.035875426433366345,1.0,1.0,0.035714285714285754,0.0,0.0,< 0 DM,existing credits paid back duly till now,retraining,... < 100 DM,4 <= ... < 7 years,male : married/widowed,none,if not A121 : building society savings agreement/ life insurance,none,rent,skilled employee / official,none,yes,Y,11.999999999999998,902.0,4.0,4.0,21.0,1.0,1.0,< 0 DM,existing credits paid back duly till now,retraining,... < 100 DM,4 <= ... < 7 years,male : married/widowed,none,if not A121 : building society savings agreement/ life insurance,none,rent,skilled employee / official,none,yes,Y,0.0,0.0,1.0,1.0,0.0,0.0,0.0,no checking account,delay in paying off in the past,business,500 <= ... < 1000 DM ,... < 1 year ,male : single,co-applicant,"if not A121/A122 : car or other, not in attribute 6",none,own,unskilled - resident,none,yes,Y,4.0,250.0,4.0,4.0,19.0,1.0,1.0,no checking account,delay in paying off in the past,business,500 <= ... < 1000 DM ,... < 1 year ,male : single,co-applicant,"if not A121/A122 : car or other, not in attribute 6",none,own,unskilled - resident,none,yes,Y,152.75751066207886,Y,Y,Y
0,0.1176470588235294,0.035875426433366345,1.0,1.0,0.035714285714285754,0.0,0.0,< 0 DM,existing credits paid back duly till now,retraining,... < 100 DM,4 <= ... < 7 years,male : married/widowed,none,if not A121 : building society savings agreement/ life insurance,none,rent,skilled employee / official,none,yes,Y,11.999999999999998,902.0,4.0,4.0,21.0,1.0,1.0,< 0 DM,existing credits paid back duly till now,retraining,... < 100 DM,4 <= ... < 7 years,male : married/widowed,none,if not A121 : building society savings agreement/ life insurance,none,rent,skilled employee / official,none,yes,Y,0.0,0.0,1.0,1.0,0.0,0.0,0.0,no checking account,delay in paying off in the past,business,500 <= ... < 1000 DM ,... < 1 year ,male : single,co-applicant,"if not A121/A122 : car or other, not in attribute 6",none,own,unskilled - resident,none,yes,Y,4.0,250.0,4.0,4.0,19.0,1.0,1.0,no checking account,delay in paying off in the past,business,500 <= ... < 1000 DM ,... < 1 year ,male : single,co-applicant,"if not A121/A122 : car or other, not in attribute 6",none,own,unskilled - resident,none,yes,Y,154.3754563331604,Y,Y,Y
0,0.1176470588235294,0.035875426433366345,1.0,1.0,0.035714285714285754,0.0,0.0,< 0 DM,existing credits paid back duly till now,retraining,... < 100 DM,4 <= ... < 7 years,male : married/widowed,none,if not A121 : building society savings agreement/ life insurance,none,rent,skilled employee / official,none,yes,Y,11.999999999999998,902.0,4.0,4.0,21.0,1.0,1.0,< 0 DM,existing credits paid back duly till now,retraining,... < 100 DM,4 <= ... < 7 years,male : married/widowed,none,if not A121 : building society savings agreement/ life insurance,none,rent,skilled employee / official,none,yes,Y,0.0,0.0,1.0,1.0,0.0,0.0,0.0,no checking account,delay in paying off in the past,business,500 <= ... < 1000 DM ,... < 1 year ,male : single,co-applicant,"if not A121/A122 : car or other, not in attribute 6",none,own,unskilled - resident,none,yes,Y,4.0,250.0,4.0,4.0,19.0,1.0,1.0,no checking account,delay in paying off in the past,business,500 <= ... < 1000 DM ,... < 1 year ,male : single,co-applicant,"if not A121/A122 : car or other, not in attribute 6",none,own,unskilled - resident,none,yes,Y,155.03255558013916,Y,Y,Y
0,0.2941176470588235,0.11461428414218112,1.0,0.3333333333333333,0.17857142857142855,0.0,0.0,0 <= ... < 200 DM,delay in paying off in the past,radio/television,unknown/ no savings account,... < 1 year ,male : single,none,if not A121 : building society savings agreement/ life insurance,bank,own,unskilled - resident,none,yes,N,23.999999999999996,2333.0,4.0,2.0,28.999999999999996,1.0,1.0,0 <= ... < 200 DM,delay in paying off in the past,radio/television,unknown/ no savings account,... < 1 year ,male : single,none,if not A121 : building society savings agreement/ life insurance,bank,own,unskilled - resident,none,yes,N,,,,,,,,,,,,,,,,,,,,,,,,,,,,,,,,,,,,,,,,,,,152.33573603630066,N,N,N
0,0.2941176470588235,0.11461428414218112,1.0,0.3333333333333333,0.17857142857142855,0.0,0.0,0 <= ... < 200 DM,delay in paying off in the past,radio/television,unknown/ no savings account,... < 1 year ,male : single,none,if not A121 : building society savings agreement/ life insurance,bank,own,unskilled - resident,none,yes,N,23.999999999999996,2333.0,4.0,2.0,28.999999999999996,1.0,1.0,0 <= ... < 200 DM,delay in paying off in the past,radio/television,unknown/ no savings account,... < 1 year ,male : single,none,if not A121 : building society savings agreement/ life insurance,bank,own,unskilled - resident,none,yes,N,,,,,,,,,,,,,,,,,,,,,,,,,,,,,,,,,,,,,,,,,,,152.12840795516968,N,N,N
0,0.2941176470588235,0.11461428414218112,1.0,0.3333333333333333,0.17857142857142855,0.0,0.0,0 <= ... < 200 DM,delay in paying off in the past,radio/television,unknown/ no savings account,... < 1 year ,male : single,none,if not A121 : building society savings agreement/ life insurance,bank,own,unskilled - resident,none,yes,N,23.999999999999996,2333.0,4.0,2.0,28.999999999999996,1.0,1.0,0 <= ... < 200 DM,delay in paying off in the past,radio/television,unknown/ no savings account,... < 1 year ,male : single,none,if not A121 : building society savings agreement/ life insurance,bank,own,unskilled - resident,none,yes,N,,,,,,,,,,,,,,,,,,,,,,,,,,,,,,,,,,,,,,,,,,,153.49451541900635,N,N,N
0,0.2941176470588235,0.11461428414218112,1.0,0.3333333333333333,0.17857142857142855,0.0,0.0,0 <= ... < 200 DM,delay in paying off in the past,radio/television,unknown/ no savings account,... < 1 year ,male : single,none,if not A121 : building society savings agreement/ life insurance,bank,own,unskilled - resident,none,yes,N,23.999999999999996,2333.0,4.0,2.0,28.999999999999996,1.0,1.0,0 <= ... < 200 DM,delay in paying off in the past,radio/television,unknown/ no savings account,... < 1 year ,male : single,none,if not A121 : building society savings agreement/ life insurance,bank,own,unskilled - resident,none,yes,N,,,,,,,,,,,,,,,,,,,,,,,,,,,,,,,,,,,,,,,,,,,151.27071475982666,N,N,N
0,0.2941176470588235,0.11461428414218112,1.0,0.3333333333333333,0.17857142857142855,0.0,0.0,0 <= ... < 200 DM,delay in paying off in the past,radio/television,unknown/ no savings account,... < 1 year ,male : single,none,if not A121 : building society savings agreement/ life insurance,bank,own,unskilled - resident,none,yes,N,23.999999999999996,2333.0,4.0,2.0,28.999999999999996,1.0,1.0,0 <= ... < 200 DM,delay in paying off in the past,radio/television,unknown/ no savings account,... < 1 year ,male : single,none,if not A121 : building society savings agreement/ life insurance,bank,own,unskilled - resident,none,yes,N,,,,,,,,,,,,,,,,,,,,,,,,,,,,,,,,,,,,,,,,,,,151.40612292289734,N,N,N
0,0.20588235294117646,0.09843732805106195,0.0,1.0,0.01785714285714285,0.0,0.0,< 0 DM,existing credits paid back duly till now,radio/television,... < 100 DM,1 <= ... < 4 years,female : divorced/separated/married,none,real estate,bank,rent,skilled employee / official,none,yes,Y,18.0,2039.0,1.0,4.0,20.0,1.0,1.0,< 0 DM,existing credits paid back duly till now,radio/television,... < 100 DM,1 <= ... < 4 years,female : divorced/separated/married,none,real estate,bank,rent,skilled employee / official,none,yes,Y,0.0,0.0,0.0,1.0,0.0,0.0,0.0,no checking account,delay in paying off in the past,business,500 <= ... < 1000 DM ,... < 1 year ,male : single,co-applicant,"if not A121/A122 : car or other, not in attribute 6",none,own,unskilled - resident,none,yes,Y,4.0,250.0,1.0,4.0,19.0,1.0,1.0,no checking account,delay in paying off in the past,business,500 <= ... < 1000 DM ,... < 1 year ,male : single,co-applicant,"if not A121/A122 : car or other, not in attribute 6",none,own,unskilled - resident,none,yes,Y,160.59741592407227,Y,Y,Y
0,0.20588235294117646,0.09843732805106195,0.0,1.0,0.01785714285714285,0.0,0.0,< 0 DM,existing credits paid back duly till now,radio/television,... < 100 DM,1 <= ... < 4 years,female : divorced/separated/married,none,real estate,bank,rent,skilled employee / official,none,yes,Y,18.0,2039.0,1.0,4.0,20.0,1.0,1.0,< 0 DM,existing credits paid back duly till now,radio/television,... < 100 DM,1 <= ... < 4 years,female : divorced/separated/married,none,real estate,bank,rent,skilled employee / official,none,yes,Y,0.0,0.0,0.0,1.0,0.0,0.0,0.0,no checking account,delay in paying off in the past,business,500 <= ... < 1000 DM ,... < 1 year ,male : single,co-applicant,"if not A121/A122 : car or other, not in attribute 6",none,own,unskilled - resident,none,yes,Y,4.0,250.0,1.0,4.0,19.0,1.0,1.0,no checking account,delay in paying off in the past,business,500 <= ... < 1000 DM ,... < 1 year ,male : single,co-applicant,"if not A121/A122 : car or other, not in attribute 6",none,own,unskilled - resident,none,yes,Y,153.81477522850037,Y,Y,Y
0,0.20588235294117646,0.09843732805106195,0.0,1.0,0.01785714285714285,0.0,0.0,< 0 DM,existing credits paid back duly till now,radio/television,... < 100 DM,1 <= ... < 4 years,female : divorced/separated/married,none,real estate,bank,rent,skilled employee / official,none,yes,Y,18.0,2039.0,1.0,4.0,20.0,1.0,1.0,< 0 DM,existing credits paid back duly till now,radio/television,... < 100 DM,1 <= ... < 4 years,female : divorced/separated/married,none,real estate,bank,rent,skilled employee / official,none,yes,Y,0.0,0.0,0.0,1.0,0.0,0.0,0.0,no checking account,delay in paying off in the past,business,500 <= ... < 1000 DM ,... < 1 year ,male : single,co-applicant,"if not A121/A122 : car or other, not in attribute 6",none,own,unskilled - resident,none,yes,Y,4.0,250.0,1.0,4.0,19.0,1.0,1.0,no checking account,delay in paying off in the past,business,500 <= ... < 1000 DM ,... < 1 year ,male : single,co-applicant,"if not A121/A122 : car or other, not in attribute 6",none,own,unskilled - resident,none,yes,Y,153.67706871032715,Y,Y,Y
0,0.20588235294117646,0.09843732805106195,0.0,1.0,0.01785714285714285,0.0,0.0,< 0 DM,existing credits paid back duly till now,radio/television,... < 100 DM,1 <= ... < 4 years,female : divorced/separated/married,none,real estate,bank,rent,skilled employee / official,none,yes,Y,18.0,2039.0,1.0,4.0,20.0,1.0,1.0,< 0 DM,existing credits paid back duly till now,radio/television,... < 100 DM,1 <= ... < 4 years,female : divorced/separated/married,none,real estate,bank,rent,skilled employee / official,none,yes,Y,0.0,0.0,0.0,1.0,0.0,0.0,0.0,no checking account,delay in paying off in the past,business,500 <= ... < 1000 DM ,... < 1 year ,male : single,co-applicant,"if not A121/A122 : car or other, not in attribute 6",none,own,unskilled - resident,none,yes,Y,4.0,250.0,1.0,4.0,19.0,1.0,1.0,no checking account,delay in paying off in the past,business,500 <= ... < 1000 DM ,... < 1 year ,male : single,co-applicant,"if not A121/A122 : car or other, not in attribute 6",none,own,unskilled - resident,none,yes,Y,155.02733659744263,Y,Y,Y
0,0.20588235294117646,0.09843732805106195,0.0,1.0,0.01785714285714285,0.0,0.0,< 0 DM,existing credits paid back duly till now,radio/television,... < 100 DM,1 <= ... < 4 years,female : divorced/separated/married,none,real estate,bank,rent,skilled employee / official,none,yes,Y,18.0,2039.0,1.0,4.0,20.0,1.0,1.0,< 0 DM,existing credits paid back duly till now,radio/television,... < 100 DM,1 <= ... < 4 years,female : divorced/separated/married,none,real estate,bank,rent,skilled employee / official,none,yes,Y,0.0,0.0,0.0,1.0,0.0,0.0,0.0,no checking account,delay in paying off in the past,business,500 <= ... < 1000 DM ,... < 1 year ,male : single,co-applicant,"if not A121/A122 : car or other, not in attribute 6",none,own,unskilled - resident,none,yes,Y,4.0,250.0,1.0,4.0,19.0,1.0,1.0,no checking account,delay in paying off in the past,business,500 <= ... < 1000 DM ,... < 1 year ,male : single,co-applicant,"if not A121/A122 : car or other, not in attribute 6",none,own,unskilled - resident,none,yes,Y,153.9671790599823,Y,Y,Y
0,0.16176470588235292,0.1363486299108617,1.0,0.3333333333333333,0.28571428571428575,0.6666666666666667,0.0,0 <= ... < 200 DM,critical account/ other credits existing (not at this bank),domestic appliances,unknown/ no savings account,4 <= ... < 7 years,male : single,guarantor,real estate,bank,own,skilled employee / official,"yes, registered under the customers name ",yes,N,15.0,2728.0,4.0,2.0,35.0,3.0,1.0,0 <= ... < 200 DM,critical account/ other credits existing (not at this bank),domestic appliances,unknown/ no savings account,4 <= ... < 7 years,male : single,guarantor,real estate,bank,own,skilled employee / official,"yes, registered under the customers name ",yes,N,,,,,,,,,,,,,,,,,,,,,,,,,,,,,,,,,,,,,,,,,,,151.45892190933228,N,N,N
0,0.16176470588235292,0.1363486299108617,1.0,0.3333333333333333,0.28571428571428575,0.6666666666666667,0.0,0 <= ... < 200 DM,critical account/ other credits existing (not at this bank),domestic appliances,unknown/ no savings account,4 <= ... < 7 years,male : single,guarantor,real estate,bank,own,skilled employee / official,"yes, registered under the customers name ",yes,N,15.0,2728.0,4.0,2.0,35.0,3.0,1.0,0 <= ... < 200 DM,critical account/ other credits existing (not at this bank),domestic appliances,unknown/ no savings account,4 <= ... < 7 years,male : single,guarantor,real estate,bank,own,skilled employee / official,"yes, registered under the customers name ",yes,N,,,,,,,,,,,,,,,,,,,,,,,,,,,,,,,,,,,,,,,,,,,152.1711311340332,N,N,N
0,0.16176470588235292,0.1363486299108617,1.0,0.3333333333333333,0.28571428571428575,0.6666666666666667,0.0,0 <= ... < 200 DM,critical account/ other credits existing (not at this bank),domestic appliances,unknown/ no savings account,4 <= ... < 7 years,male : single,guarantor,real estate,bank,own,skilled employee / official,"yes, registered under the customers name ",yes,N,15.0,2728.0,4.0,2.0,35.0,3.0,1.0,0 <= ... < 200 DM,critical account/ other credits existing (not at this bank),domestic appliances,unknown/ no savings account,4 <= ... < 7 years,male : single,guarantor,real estate,bank,own,skilled employee / official,"yes, registered under the customers name ",yes,N,,,,,,,,,,,,,,,,,,,,,,,,,,,,,,,,,,,,,,,,,,,152.1552243232727,N,N,N
0,0.16176470588235292,0.1363486299108617,1.0,0.3333333333333333,0.28571428571428575,0.6666666666666667,0.0,0 <= ... < 200 DM,critical account/ other credits existing (not at this bank),domestic appliances,unknown/ no savings account,4 <= ... < 7 years,male : single,guarantor,real estate,bank,own,skilled employee / official,"yes, registered under the customers name ",yes,N,15.0,2728.0,4.0,2.0,35.0,3.0,1.0,0 <= ... < 200 DM,critical account/ other credits existing (not at this bank),domestic appliances,unknown/ no savings account,4 <= ... < 7 years,male : single,guarantor,real estate,bank,own,skilled employee / official,"yes, registered under the customers name ",yes,N,,,,,,,,,,,,,,,,,,,,,,,,,,,,,,,,,,,,,,,,,,,152.36266565322876,N,N,N
0,0.16176470588235292,0.1363486299108617,1.0,0.3333333333333333,0.28571428571428575,0.6666666666666667,0.0,0 <= ... < 200 DM,critical account/ other credits existing (not at this bank),domestic appliances,unknown/ no savings account,4 <= ... < 7 years,male : single,guarantor,real estate,bank,own,skilled employee / official,"yes, registered under the customers name ",yes,N,15.0,2728.0,4.0,2.0,35.0,3.0,1.0,0 <= ... < 200 DM,critical account/ other credits existing (not at this bank),domestic appliances,unknown/ no savings account,4 <= ... < 7 years,male : single,guarantor,real estate,bank,own,skilled employee / official,"yes, registered under the customers name ",yes,N,,,,,,,,,,,,,,,,,,,,,,,,,,,,,,,,,,,,,,,,,,,152.30785632133484,N,N,N
0,0.16176470588235292,0.06569825024760646,1.0,0.0,0.07142857142857145,0.0,0.0,0 <= ... < 200 DM,existing credits paid back duly till now,domestic appliances,unknown/ no savings account,... < 1 year ,male : single,none,if not A121 : building society savings agreement/ life insurance,none,own,skilled employee / official,none,yes,N,15.0,1444.0,4.0,1.0,23.0,1.0,1.0,0 <= ... < 200 DM,existing credits paid back duly till now,domestic appliances,unknown/ no savings account,... < 1 year ,male : single,none,if not A121 : building society savings agreement/ life insurance,none,own,skilled employee / official,none,yes,N,,,,,,,,,,,,,,,,,,,,,,,,,,,,,,,,,,,,,,,,,,,151.30658411979675,N,N,N
0,0.16176470588235292,0.06569825024760646,1.0,0.0,0.07142857142857145,0.0,0.0,0 <= ... < 200 DM,existing credits paid back duly till now,domestic appliances,unknown/ no savings account,... < 1 year ,male : single,none,if not A121 : building society savings agreement/ life insurance,none,own,skilled employee / official,none,yes,N,15.0,1444.0,4.0,1.0,23.0,1.0,1.0,0 <= ... < 200 DM,existing credits paid back duly till now,domestic appliances,unknown/ no savings account,... < 1 year ,male : single,none,if not A121 : building society savings agreement/ life insurance,none,own,skilled employee / official,none,yes,N,,,,,,,,,,,,,,,,,,,,,,,,,,,,,,,,,,,,,,,,,,,152.4015645980835,N,N,N
0,0.16176470588235292,0.06569825024760646,1.0,0.0,0.07142857142857145,0.0,0.0,0 <= ... < 200 DM,existing credits paid back duly till now,domestic appliances,unknown/ no savings account,... < 1 year ,male : single,none,if not A121 : building society savings agreement/ life insurance,none,own,skilled employee / official,none,yes,N,15.0,1444.0,4.0,1.0,23.0,1.0,1.0,0 <= ... < 200 DM,existing credits paid back duly till now,domestic appliances,unknown/ no savings account,... < 1 year ,male : single,none,if not A121 : building society savings agreement/ life insurance,none,own,skilled employee / official,none,yes,N,,,,,,,,,,,,,,,,,,,,,,,,,,,,,,,,,,,,,,,,,,,153.44551420211792,N,N,N
0,0.16176470588235292,0.06569825024760646,1.0,0.0,0.07142857142857145,0.0,0.0,0 <= ... < 200 DM,existing credits paid back duly till now,domestic appliances,unknown/ no savings account,... < 1 year ,male : single,none,if not A121 : building society savings agreement/ life insurance,none,own,skilled employee / official,none,yes,N,15.0,1444.0,4.0,1.0,23.0,1.0,1.0,0 <= ... < 200 DM,existing credits paid back duly till now,domestic appliances,unknown/ no savings account,... < 1 year ,male : single,none,if not A121 : building society savings agreement/ life insurance,none,own,skilled employee / official,none,yes,N,,,,,,,,,,,,,,,,,,,,,,,,,,,,,,,,,,,,,,,,,,,151.2315173149109,N,N,N
0,0.16176470588235292,0.06569825024760646,1.0,0.0,0.07142857142857145,0.0,0.0,0 <= ... < 200 DM,existing credits paid back duly till now,domestic appliances,unknown/ no savings account,... < 1 year ,male : single,none,if not A121 : building society savings agreement/ life insurance,none,own,skilled employee / official,none,yes,N,15.0,1444.0,4.0,1.0,23.0,1.0,1.0,0 <= ... < 200 DM,existing credits paid back duly till now,domestic appliances,unknown/ no savings account,... < 1 year ,male : single,none,if not A121 : building society savings agreement/ life insurance,none,own,skilled employee / official,none,yes,N,,,,,,,,,,,,,,,,,,,,,,,,,,,,,,,,,,,,,,,,,,,151.79718494415283,N,N,N
0,0.47058823529411764,0.23236491691427316,1.0,0.3333333333333333,0.21428571428571425,0.0,0.0,>= 200 DM / salary assignments for at least 1 year,existing credits paid back duly till now,domestic appliances,... < 100 DM,.. >= 7 years,male : single,none,"if not A121/A122 : car or other, not in attribute 6",none,own,skilled employee / official,none,yes,Y,36.0,4473.0,4.0,2.0,30.999999999999996,1.0,1.0,>= 200 DM / salary assignments for at least 1 year,existing credits paid back duly till now,domestic appliances,... < 100 DM,.. >= 7 years,male : single,none,"if not A121/A122 : car or other, not in attribute 6",none,own,skilled employee / official,none,yes,Y,0.0,0.0,1.0,0.0,0.0,0.0,0.0,no checking account,delay in paying off in the past,business,500 <= ... < 1000 DM ,... < 1 year ,male : single,co-applicant,"if not A121/A122 : car or other, not in attribute 6",none,own,unskilled - resident,none,yes,Y,4.0,250.0,4.0,1.0,19.0,1.0,1.0,no checking account,delay in paying off in the past,business,500 <= ... < 1000 DM ,... < 1 year ,male : single,co-applicant,"if not A121/A122 : car or other, not in attribute 6",none,own,unskilled - resident,none,yes,Y,153.7697103023529,Y,N,Y
0,0.47058823529411764,0.23236491691427316,1.0,0.3333333333333333,0.21428571428571425,0.0,0.0,>= 200 DM / salary assignments for at least 1 year,existing credits paid back duly till now,domestic appliances,... < 100 DM,.. >= 7 years,male : single,none,"if not A121/A122 : car or other, not in attribute 6",none,own,skilled employee / official,none,yes,Y,36.0,4473.0,4.0,2.0,30.999999999999996,1.0,1.0,>= 200 DM / salary assignments for at least 1 year,existing credits paid back duly till now,domestic appliances,... < 100 DM,.. >= 7 years,male : single,none,"if not A121/A122 : car or other, not in attribute 6",none,own,skilled employee / official,none,yes,Y,0.0,0.0,1.0,0.0,0.0,0.0,0.0,no checking account,delay in paying off in the past,business,500 <= ... < 1000 DM ,... < 1 year ,male : single,co-applicant,"if not A121/A122 : car or other, not in attribute 6",none,own,unskilled - resident,none,yes,Y,4.0,250.0,4.0,1.0,19.0,1.0,1.0,no checking account,delay in paying off in the past,business,500 <= ... < 1000 DM ,... < 1 year ,male : single,co-applicant,"if not A121/A122 : car or other, not in attribute 6",none,own,unskilled - resident,none,yes,Y,154.59720468521118,Y,N,Y
0,0.47058823529411764,0.23236491691427316,1.0,0.3333333333333333,0.21428571428571425,0.0,0.0,>= 200 DM / salary assignments for at least 1 year,existing credits paid back duly till now,domestic appliances,... < 100 DM,.. >= 7 years,male : single,none,"if not A121/A122 : car or other, not in attribute 6",none,own,skilled employee / official,none,yes,Y,36.0,4473.0,4.0,2.0,30.999999999999996,1.0,1.0,>= 200 DM / salary assignments for at least 1 year,existing credits paid back duly till now,domestic appliances,... < 100 DM,.. >= 7 years,male : single,none,"if not A121/A122 : car or other, not in attribute 6",none,own,skilled employee / official,none,yes,Y,0.0,0.0,1.0,0.0,0.0,0.0,0.0,no checking account,delay in paying off in the past,business,500 <= ... < 1000 DM ,... < 1 year ,male : single,co-applicant,"if not A121/A122 : car or other, not in attribute 6",none,own,unskilled - resident,none,yes,Y,4.0,250.0,4.0,1.0,19.0,1.0,1.0,no checking account,delay in paying off in the past,business,500 <= ... < 1000 DM ,... < 1 year ,male : single,co-applicant,"if not A121/A122 : car or other, not in attribute 6",none,own,unskilled - resident,none,yes,Y,153.83055210113525,Y,N,Y
0,0.47058823529411764,0.23236491691427316,1.0,0.3333333333333333,0.21428571428571425,0.0,0.0,>= 200 DM / salary assignments for at least 1 year,existing credits paid back duly till now,domestic appliances,... < 100 DM,.. >= 7 years,male : single,none,"if not A121/A122 : car or other, not in attribute 6",none,own,skilled employee / official,none,yes,Y,36.0,4473.0,4.0,2.0,30.999999999999996,1.0,1.0,>= 200 DM / salary assignments for at least 1 year,existing credits paid back duly till now,domestic appliances,... < 100 DM,.. >= 7 years,male : single,none,"if not A121/A122 : car or other, not in attribute 6",none,own,skilled employee / official,none,yes,Y,0.0,0.0,1.0,0.0,0.0,0.0,0.0,no checking account,delay in paying off in the past,business,500 <= ... < 1000 DM ,... < 1 year ,male : single,co-applicant,"if not A121/A122 : car or other, not in attribute 6",none,own,unskilled - resident,none,yes,Y,4.0,250.0,4.0,1.0,19.0,1.0,1.0,no checking account,delay in paying off in the past,business,500 <= ... < 1000 DM ,... < 1 year ,male : single,co-applicant,"if not A121/A122 : car or other, not in attribute 6",none,own,unskilled - resident,none,yes,Y,154.68257880210876,Y,N,Y
0,0.47058823529411764,0.23236491691427316,1.0,0.3333333333333333,0.21428571428571425,0.0,0.0,>= 200 DM / salary assignments for at least 1 year,existing credits paid back duly till now,domestic appliances,... < 100 DM,.. >= 7 years,male : single,none,"if not A121/A122 : car or other, not in attribute 6",none,own,skilled employee / official,none,yes,Y,36.0,4473.0,4.0,2.0,30.999999999999996,1.0,1.0,>= 200 DM / salary assignments for at least 1 year,existing credits paid back duly till now,domestic appliances,... < 100 DM,.. >= 7 years,male : single,none,"if not A121/A122 : car or other, not in attribute 6",none,own,skilled employee / official,none,yes,Y,0.0,0.0,1.0,0.0,0.0,0.0,0.0,no checking account,delay in paying off in the past,business,500 <= ... < 1000 DM ,... < 1 year ,male : single,co-applicant,"if not A121/A122 : car or other, not in attribute 6",none,own,unskilled - resident,none,yes,Y,4.0,250.0,4.0,1.0,19.0,1.0,1.0,no checking account,delay in paying off in the past,business,500 <= ... < 1000 DM ,... < 1 year ,male : single,co-applicant,"if not A121/A122 : car or other, not in attribute 6",none,own,unskilled - resident,none,yes,Y,154.07015419006348,Y,N,Y
0,0.16176470588235292,0.08093980411576977,0.3333333333333333,0.6666666666666667,0.30357142857142855,0.0,0.0,< 0 DM,existing credits paid back duly till now,car (new),... < 100 DM,... < 1 year ,male : single,none,real estate,none,own,skilled employee / official,none,yes,N,15.0,1721.0,2.0,3.0,36.0,1.0,1.0,< 0 DM,existing credits paid back duly till now,car (new),... < 100 DM,... < 1 year ,male : single,none,real estate,none,own,skilled employee / official,none,yes,N,,,,,,,,,,,,,,,,,,,,,,,,,,,,,,,,,,,,,,,,,,,152.6296727657318,N,N,N
0,0.16176470588235292,0.08093980411576977,0.3333333333333333,0.6666666666666667,0.30357142857142855,0.0,0.0,< 0 DM,existing credits paid back duly till now,car (new),... < 100 DM,... < 1 year ,male : single,none,real estate,none,own,skilled employee / official,none,yes,N,15.0,1721.0,2.0,3.0,36.0,1.0,1.0,< 0 DM,existing credits paid back duly till now,car (new),... < 100 DM,... < 1 year ,male : single,none,real estate,none,own,skilled employee / official,none,yes,N,,,,,,,,,,,,,,,,,,,,,,,,,,,,,,,,,,,,,,,,,,,153.99610257148743,N,N,N
0,0.16176470588235292,0.08093980411576977,0.3333333333333333,0.6666666666666667,0.30357142857142855,0.0,0.0,< 0 DM,existing credits paid back duly till now,car (new),... < 100 DM,... < 1 year ,male : single,none,real estate,none,own,skilled employee / official,none,yes,N,15.0,1721.0,2.0,3.0,36.0,1.0,1.0,< 0 DM,existing credits paid back duly till now,car (new),... < 100 DM,... < 1 year ,male : single,none,real estate,none,own,skilled employee / official,none,yes,N,,,,,,,,,,,,,,,,,,,,,,,,,,,,,,,,,,,,,,,,,,,152.60796284675598,N,N,N
0,0.16176470588235292,0.08093980411576977,0.3333333333333333,0.6666666666666667,0.30357142857142855,0.0,0.0,< 0 DM,existing credits paid back duly till now,car (new),... < 100 DM,... < 1 year ,male : single,none,real estate,none,own,skilled employee / official,none,yes,N,15.0,1721.0,2.0,3.0,36.0,1.0,1.0,< 0 DM,existing credits paid back duly till now,car (new),... < 100 DM,... < 1 year ,male : single,none,real estate,none,own,skilled employee / official,none,yes,N,,,,,,,,,,,,,,,,,,,,,,,,,,,,,,,,,,,,,,,,,,,152.9280023574829,N,N,N
0,0.16176470588235292,0.08093980411576977,0.3333333333333333,0.6666666666666667,0.30357142857142855,0.0,0.0,< 0 DM,existing credits paid back duly till now,car (new),... < 100 DM,... < 1 year ,male : single,none,real estate,none,own,skilled employee / official,none,yes,N,15.0,1721.0,2.0,3.0,36.0,1.0,1.0,< 0 DM,existing credits paid back duly till now,car (new),... < 100 DM,... < 1 year ,male : single,none,real estate,none,own,skilled employee / official,none,yes,N,,,,,,,,,,,,,,,,,,,,,,,,,,,,,,,,,,,,,,,,,,,151.85715746879578,N,N,N
0,0.2941176470588235,0.36436667767139874,0.3333333333333333,0.0,0.6428571428571428,0.0,0.0,< 0 DM,all credits at this bank paid back duly,radio/television,... < 100 DM,... < 1 year ,male : divorced/separated,none,if not A121 : building society savings agreement/ life insurance,bank,own,skilled employee / official,"yes, registered under the customers name ",yes,Y,23.999999999999996,6872.000000000001,2.0,1.0,54.99999999999999,1.0,1.0,< 0 DM,all credits at this bank paid back duly,radio/television,... < 100 DM,... < 1 year ,male : divorced/separated,none,if not A121 : building society savings agreement/ life insurance,bank,own,skilled employee / official,"yes, registered under the customers name ",yes,Y,0.0,0.0,0.0,0.0,0.0,0.0,0.0,no checking account,delay in paying off in the past,business,500 <= ... < 1000 DM ,... < 1 year ,male : single,co-applicant,"if not A121/A122 : car or other, not in attribute 6",none,own,unskilled - resident,none,yes,Y,4.0,250.0,1.0,1.0,19.0,1.0,1.0,no checking account,delay in paying off in the past,business,500 <= ... < 1000 DM ,... < 1 year ,male : single,co-applicant,"if not A121/A122 : car or other, not in attribute 6",none,own,unskilled - resident,none,yes,Y,155.24054861068726,Y,Y,Y
0,0.2941176470588235,0.36436667767139874,0.3333333333333333,0.0,0.6428571428571428,0.0,0.0,< 0 DM,all credits at this bank paid back duly,radio/television,... < 100 DM,... < 1 year ,male : divorced/separated,none,if not A121 : building society savings agreement/ life insurance,bank,own,skilled employee / official,"yes, registered under the customers name ",yes,Y,23.999999999999996,6872.000000000001,2.0,1.0,54.99999999999999,1.0,1.0,< 0 DM,all credits at this bank paid back duly,radio/television,... < 100 DM,... < 1 year ,male : divorced/separated,none,if not A121 : building society savings agreement/ life insurance,bank,own,skilled employee / official,"yes, registered under the customers name ",yes,Y,0.0,0.0,0.0,0.0,0.0,0.0,0.0,no checking account,delay in paying off in the past,business,500 <= ... < 1000 DM ,... < 1 year ,male : single,co-applicant,"if not A121/A122 : car or other, not in attribute 6",none,own,unskilled - resident,none,yes,Y,4.0,250.0,1.0,1.0,19.0,1.0,1.0,no checking account,delay in paying off in the past,business,500 <= ... < 1000 DM ,... < 1 year ,male : single,co-applicant,"if not A121/A122 : car or other, not in attribute 6",none,own,unskilled - resident,none,yes,Y,154.46003079414368,Y,Y,Y
0,0.2941176470588235,0.36436667767139874,0.3333333333333333,0.0,0.6428571428571428,0.0,0.0,< 0 DM,all credits at this bank paid back duly,radio/television,... < 100 DM,... < 1 year ,male : divorced/separated,none,if not A121 : building society savings agreement/ life insurance,bank,own,skilled employee / official,"yes, registered under the customers name ",yes,Y,23.999999999999996,6872.000000000001,2.0,1.0,54.99999999999999,1.0,1.0,< 0 DM,all credits at this bank paid back duly,radio/television,... < 100 DM,... < 1 year ,male : divorced/separated,none,if not A121 : building society savings agreement/ life insurance,bank,own,skilled employee / official,"yes, registered under the customers name ",yes,Y,0.0,0.0,0.0,0.0,0.0,0.0,0.0,no checking account,delay in paying off in the past,business,500 <= ... < 1000 DM ,... < 1 year ,male : single,co-applicant,"if not A121/A122 : car or other, not in attribute 6",none,own,unskilled - resident,none,yes,Y,4.0,250.0,1.0,1.0,19.0,1.0,1.0,no checking account,delay in paying off in the past,business,500 <= ... < 1000 DM ,... < 1 year ,male : single,co-applicant,"if not A121/A122 : car or other, not in attribute 6",none,own,unskilled - resident,none,yes,Y,154.56115627288818,Y,Y,Y
0,0.2941176470588235,0.36436667767139874,0.3333333333333333,0.0,0.6428571428571428,0.0,0.0,< 0 DM,all credits at this bank paid back duly,radio/television,... < 100 DM,... < 1 year ,male : divorced/separated,none,if not A121 : building society savings agreement/ life insurance,bank,own,skilled employee / official,"yes, registered under the customers name ",yes,Y,23.999999999999996,6872.000000000001,2.0,1.0,54.99999999999999,1.0,1.0,< 0 DM,all credits at this bank paid back duly,radio/television,... < 100 DM,... < 1 year ,male : divorced/separated,none,if not A121 : building society savings agreement/ life insurance,bank,own,skilled employee / official,"yes, registered under the customers name ",yes,Y,0.0,0.0,0.0,0.0,0.0,0.0,0.0,no checking account,delay in paying off in the past,business,500 <= ... < 1000 DM ,... < 1 year ,male : single,co-applicant,"if not A121/A122 : car or other, not in attribute 6",none,own,unskilled - resident,none,yes,Y,4.0,250.0,1.0,1.0,19.0,1.0,1.0,no checking account,delay in paying off in the past,business,500 <= ... < 1000 DM ,... < 1 year ,male : single,co-applicant,"if not A121/A122 : car or other, not in attribute 6",none,own,unskilled - resident,none,yes,Y,160.0146462917328,Y,Y,Y
0,0.2941176470588235,0.36436667767139874,0.3333333333333333,0.0,0.6428571428571428,0.0,0.0,< 0 DM,all credits at this bank paid back duly,radio/television,... < 100 DM,... < 1 year ,male : divorced/separated,none,if not A121 : building society savings agreement/ life insurance,bank,own,skilled employee / official,"yes, registered under the customers name ",yes,Y,23.999999999999996,6872.000000000001,2.0,1.0,54.99999999999999,1.0,1.0,< 0 DM,all credits at this bank paid back duly,radio/television,... < 100 DM,... < 1 year ,male : divorced/separated,none,if not A121 : building society savings agreement/ life insurance,bank,own,skilled employee / official,"yes, registered under the customers name ",yes,Y,0.0,0.0,0.0,0.0,0.0,0.0,0.0,no checking account,delay in paying off in the past,business,500 <= ... < 1000 DM ,... < 1 year ,male : single,co-applicant,"if not A121/A122 : car or other, not in attribute 6",none,own,unskilled - resident,none,yes,Y,4.0,250.0,1.0,1.0,19.0,1.0,1.0,no checking account,delay in paying off in the past,business,500 <= ... < 1000 DM ,... < 1 year ,male : single,co-applicant,"if not A121/A122 : car or other, not in attribute 6",none,own,unskilled - resident,none,yes,Y,153.73695015907288,Y,Y,Y
0,0.16176470588235292,0.0675690546935182,1.0,1.0,0.44642857142857145,0.3333333333333333,1.0,< 0 DM,critical account/ other credits existing (not at this bank),radio/television,... < 100 DM,.. >= 7 years,male : single,none,"if not A121/A122 : car or other, not in attribute 6",none,own,skilled employee / official,"yes, registered under the customers name ",yes,N,15.0,1478.0,4.0,4.0,44.0,2.0,2.0,< 0 DM,critical account/ other credits existing (not at this bank),radio/television,... < 100 DM,.. >= 7 years,male : single,none,"if not A121/A122 : car or other, not in attribute 6",none,own,skilled employee / official,"yes, registered under the customers name ",yes,N,,,,,,,,,,,,,,,,,,,,,,,,,,,,,,,,,,,,,,,,,,,150.45785212516785,N,N,N
0,0.16176470588235292,0.0675690546935182,1.0,1.0,0.44642857142857145,0.3333333333333333,1.0,< 0 DM,critical account/ other credits existing (not at this bank),radio/television,... < 100 DM,.. >= 7 years,male : single,none,"if not A121/A122 : car or other, not in attribute 6",none,own,skilled employee / official,"yes, registered under the customers name ",yes,N,15.0,1478.0,4.0,4.0,44.0,2.0,2.0,< 0 DM,critical account/ other credits existing (not at this bank),radio/television,... < 100 DM,.. >= 7 years,male : single,none,"if not A121/A122 : car or other, not in attribute 6",none,own,skilled employee / official,"yes, registered under the customers name ",yes,N,,,,,,,,,,,,,,,,,,,,,,,,,,,,,,,,,,,,,,,,,,,151.23252844810486,N,N,N
0,0.16176470588235292,0.0675690546935182,1.0,1.0,0.44642857142857145,0.3333333333333333,1.0,< 0 DM,critical account/ other credits existing (not at this bank),radio/television,... < 100 DM,.. >= 7 years,male : single,none,"if not A121/A122 : car or other, not in attribute 6",none,own,skilled employee / official,"yes, registered under the customers name ",yes,N,15.0,1478.0,4.0,4.0,44.0,2.0,2.0,< 0 DM,critical account/ other credits existing (not at this bank),radio/television,... < 100 DM,.. >= 7 years,male : single,none,"if not A121/A122 : car or other, not in attribute 6",none,own,skilled employee / official,"yes, registered under the customers name ",yes,N,,,,,,,,,,,,,,,,,,,,,,,,,,,,,,,,,,,,,,,,,,,151.26268029212952,N,N,N
0,0.16176470588235292,0.0675690546935182,1.0,1.0,0.44642857142857145,0.3333333333333333,1.0,< 0 DM,critical account/ other credits existing (not at this bank),radio/television,... < 100 DM,.. >= 7 years,male : single,none,"if not A121/A122 : car or other, not in attribute 6",none,own,skilled employee / official,"yes, registered under the customers name ",yes,N,15.0,1478.0,4.0,4.0,44.0,2.0,2.0,< 0 DM,critical account/ other credits existing (not at this bank),radio/television,... < 100 DM,.. >= 7 years,male : single,none,"if not A121/A122 : car or other, not in attribute 6",none,own,skilled employee / official,"yes, registered under the customers name ",yes,N,,,,,,,,,,,,,,,,,,,,,,,,,,,,,,,,,,,,,,,,,,,151.06002283096313,N,N,N
0,0.16176470588235292,0.0675690546935182,1.0,1.0,0.44642857142857145,0.3333333333333333,1.0,< 0 DM,critical account/ other credits existing (not at this bank),radio/television,... < 100 DM,.. >= 7 years,male : single,none,"if not A121/A122 : car or other, not in attribute 6",none,own,skilled employee / official,"yes, registered under the customers name ",yes,N,15.0,1478.0,4.0,4.0,44.0,2.0,2.0,< 0 DM,critical account/ other credits existing (not at this bank),radio/television,... < 100 DM,.. >= 7 years,male : single,none,"if not A121/A122 : car or other, not in attribute 6",none,own,skilled employee / official,"yes, registered under the customers name ",yes,N,,,,,,,,,,,,,,,,,,,,,,,,,,,,,,,,,,,,,,,,,,,151.4829649925232,N,N,N
0,0.07352941176470588,0.06883459887751733,0.3333333333333333,0.6666666666666667,0.26785714285714285,0.3333333333333333,0.0,0 <= ... < 200 DM,critical account/ other credits existing (not at this bank),(vacation - does not exist?),... < 100 DM,.. >= 7 years,female : divorced/separated/married,none,"if not A121/A122 : car or other, not in attribute 6",none,own,management/ self-employed/ highly qualified employee/ officer,"yes, registered under the customers name ",yes,N,9.0,1501.0,2.0,3.0,34.0,2.0,1.0,0 <= ... < 200 DM,critical account/ other credits existing (not at this bank),(vacation - does not exist?),... < 100 DM,.. >= 7 years,female : divorced/separated/married,none,"if not A121/A122 : car or other, not in attribute 6",none,own,management/ self-employed/ highly qualified employee/ officer,"yes, registered under the customers name ",yes,N,,,,,,,,,,,,,,,,,,,,,,,,,,,,,,,,,,,,,,,,,,,151.35367727279663,N,Y,N
0,0.07352941176470588,0.06883459887751733,0.3333333333333333,0.6666666666666667,0.26785714285714285,0.3333333333333333,0.0,0 <= ... < 200 DM,critical account/ other credits existing (not at this bank),(vacation - does not exist?),... < 100 DM,.. >= 7 years,female : divorced/separated/married,none,"if not A121/A122 : car or other, not in attribute 6",none,own,management/ self-employed/ highly qualified employee/ officer,"yes, registered under the customers name ",yes,N,9.0,1501.0,2.0,3.0,34.0,2.0,1.0,0 <= ... < 200 DM,critical account/ other credits existing (not at this bank),(vacation - does not exist?),... < 100 DM,.. >= 7 years,female : divorced/separated/married,none,"if not A121/A122 : car or other, not in attribute 6",none,own,management/ self-employed/ highly qualified employee/ officer,"yes, registered under the customers name ",yes,N,,,,,,,,,,,,,,,,,,,,,,,,,,,,,,,,,,,,,,,,,,,152.2877402305603,N,Y,N
0,0.07352941176470588,0.06883459887751733,0.3333333333333333,0.6666666666666667,0.26785714285714285,0.3333333333333333,0.0,0 <= ... < 200 DM,critical account/ other credits existing (not at this bank),(vacation - does not exist?),... < 100 DM,.. >= 7 years,female : divorced/separated/married,none,"if not A121/A122 : car or other, not in attribute 6",none,own,management/ self-employed/ highly qualified employee/ officer,"yes, registered under the customers name ",yes,N,9.0,1501.0,2.0,3.0,34.0,2.0,1.0,0 <= ... < 200 DM,critical account/ other credits existing (not at this bank),(vacation - does not exist?),... < 100 DM,.. >= 7 years,female : divorced/separated/married,none,"if not A121/A122 : car or other, not in attribute 6",none,own,management/ self-employed/ highly qualified employee/ officer,"yes, registered under the customers name ",yes,N,,,,,,,,,,,,,,,,,,,,,,,,,,,,,,,,,,,,,,,,,,,152.70365166664124,N,Y,N
0,0.07352941176470588,0.06883459887751733,0.3333333333333333,0.6666666666666667,0.26785714285714285,0.3333333333333333,0.0,0 <= ... < 200 DM,critical account/ other credits existing (not at this bank),(vacation - does not exist?),... < 100 DM,.. >= 7 years,female : divorced/separated/married,none,"if not A121/A122 : car or other, not in attribute 6",none,own,management/ self-employed/ highly qualified employee/ officer,"yes, registered under the customers name ",yes,N,9.0,1501.0,2.0,3.0,34.0,2.0,1.0,0 <= ... < 200 DM,critical account/ other credits existing (not at this bank),(vacation - does not exist?),... < 100 DM,.. >= 7 years,female : divorced/separated/married,none,"if not A121/A122 : car or other, not in attribute 6",none,own,management/ self-employed/ highly qualified employee/ officer,"yes, registered under the customers name ",yes,N,,,,,,,,,,,,,,,,,,,,,,,,,,,,,,,,,,,,,,,,,,,152.6359841823578,N,Y,N
0,0.07352941176470588,0.06883459887751733,0.3333333333333333,0.6666666666666667,0.26785714285714285,0.3333333333333333,0.0,0 <= ... < 200 DM,critical account/ other credits existing (not at this bank),(vacation - does not exist?),... < 100 DM,.. >= 7 years,female : divorced/separated/married,none,"if not A121/A122 : car or other, not in attribute 6",none,own,management/ self-employed/ highly qualified employee/ officer,"yes, registered under the customers name ",yes,N,9.0,1501.0,2.0,3.0,34.0,2.0,1.0,0 <= ... < 200 DM,critical account/ other credits existing (not at this bank),(vacation - does not exist?),... < 100 DM,.. >= 7 years,female : divorced/separated/married,none,"if not A121/A122 : car or other, not in attribute 6",none,own,management/ self-employed/ highly qualified employee/ officer,"yes, registered under the customers name ",yes,N,,,,,,,,,,,,,,,,,,,,,,,,,,,,,,,,,,,,,,,,,,,152.2448501586914,N,Y,N
0,0.1176470588235294,0.05227247716518102,1.0,1.0,0.07142857142857145,0.0,0.0,< 0 DM,existing credits paid back duly till now,(vacation - does not exist?),unknown/ no savings account,1 <= ... < 4 years,female : divorced/separated/married,none,if not A121 : building society savings agreement/ life insurance,bank,rent,skilled employee / official,"yes, registered under the customers name ",yes,Y,11.999999999999998,1200.0,4.0,4.0,23.0,1.0,1.0,< 0 DM,existing credits paid back duly till now,(vacation - does not exist?),unknown/ no savings account,1 <= ... < 4 years,female : divorced/separated/married,none,if not A121 : building society savings agreement/ life insurance,bank,rent,skilled employee / official,"yes, registered under the customers name ",yes,Y,0.0,0.0,1.0,1.0,0.0,0.0,0.0,no checking account,delay in paying off in the past,business,500 <= ... < 1000 DM ,... < 1 year ,male : single,co-applicant,"if not A121/A122 : car or other, not in attribute 6",none,own,unskilled - resident,none,yes,Y,4.0,250.0,4.0,4.0,19.0,1.0,1.0,no checking account,delay in paying off in the past,business,500 <= ... < 1000 DM ,... < 1 year ,male : single,co-applicant,"if not A121/A122 : car or other, not in attribute 6",none,own,unskilled - resident,none,yes,Y,154.3905544281006,Y,N,Y
0,0.1176470588235294,0.05227247716518102,1.0,1.0,0.07142857142857145,0.0,0.0,< 0 DM,existing credits paid back duly till now,(vacation - does not exist?),unknown/ no savings account,1 <= ... < 4 years,female : divorced/separated/married,none,if not A121 : building society savings agreement/ life insurance,bank,rent,skilled employee / official,"yes, registered under the customers name ",yes,Y,11.999999999999998,1200.0,4.0,4.0,23.0,1.0,1.0,< 0 DM,existing credits paid back duly till now,(vacation - does not exist?),unknown/ no savings account,1 <= ... < 4 years,female : divorced/separated/married,none,if not A121 : building society savings agreement/ life insurance,bank,rent,skilled employee / official,"yes, registered under the customers name ",yes,Y,0.0,0.0,1.0,1.0,0.0,0.0,0.0,no checking account,delay in paying off in the past,business,500 <= ... < 1000 DM ,... < 1 year ,male : single,co-applicant,"if not A121/A122 : car or other, not in attribute 6",none,own,unskilled - resident,none,yes,Y,4.0,250.0,4.0,4.0,19.0,1.0,1.0,no checking account,delay in paying off in the past,business,500 <= ... < 1000 DM ,... < 1 year ,male : single,co-applicant,"if not A121/A122 : car or other, not in attribute 6",none,own,unskilled - resident,none,yes,Y,153.9691619873047,Y,N,Y
0,0.1176470588235294,0.05227247716518102,1.0,1.0,0.07142857142857145,0.0,0.0,< 0 DM,existing credits paid back duly till now,(vacation - does not exist?),unknown/ no savings account,1 <= ... < 4 years,female : divorced/separated/married,none,if not A121 : building society savings agreement/ life insurance,bank,rent,skilled employee / official,"yes, registered under the customers name ",yes,Y,11.999999999999998,1200.0,4.0,4.0,23.0,1.0,1.0,< 0 DM,existing credits paid back duly till now,(vacation - does not exist?),unknown/ no savings account,1 <= ... < 4 years,female : divorced/separated/married,none,if not A121 : building society savings agreement/ life insurance,bank,rent,skilled employee / official,"yes, registered under the customers name ",yes,Y,0.0,0.0,1.0,1.0,0.0,0.0,0.0,no checking account,delay in paying off in the past,business,500 <= ... < 1000 DM ,... < 1 year ,male : single,co-applicant,"if not A121/A122 : car or other, not in attribute 6",none,own,unskilled - resident,none,yes,Y,4.0,250.0,4.0,4.0,19.0,1.0,1.0,no checking account,delay in paying off in the past,business,500 <= ... < 1000 DM ,... < 1 year ,male : single,co-applicant,"if not A121/A122 : car or other, not in attribute 6",none,own,unskilled - resident,none,yes,Y,152.55518865585327,Y,N,Y
0,0.1176470588235294,0.05227247716518102,1.0,1.0,0.07142857142857145,0.0,0.0,< 0 DM,existing credits paid back duly till now,(vacation - does not exist?),unknown/ no savings account,1 <= ... < 4 years,female : divorced/separated/married,none,if not A121 : building society savings agreement/ life insurance,bank,rent,skilled employee / official,"yes, registered under the customers name ",yes,Y,11.999999999999998,1200.0,4.0,4.0,23.0,1.0,1.0,< 0 DM,existing credits paid back duly till now,(vacation - does not exist?),unknown/ no savings account,1 <= ... < 4 years,female : divorced/separated/married,none,if not A121 : building society savings agreement/ life insurance,bank,rent,skilled employee / official,"yes, registered under the customers name ",yes,Y,0.0,0.0,1.0,1.0,0.0,0.0,0.0,no checking account,delay in paying off in the past,business,500 <= ... < 1000 DM ,... < 1 year ,male : single,co-applicant,"if not A121/A122 : car or other, not in attribute 6",none,own,unskilled - resident,none,yes,Y,4.0,250.0,4.0,4.0,19.0,1.0,1.0,no checking account,delay in paying off in the past,business,500 <= ... < 1000 DM ,... < 1 year ,male : single,co-applicant,"if not A121/A122 : car or other, not in attribute 6",none,own,unskilled - resident,none,yes,Y,153.8814356327057,Y,N,Y
0,0.1176470588235294,0.05227247716518102,1.0,1.0,0.07142857142857145,0.0,0.0,< 0 DM,existing credits paid back duly till now,(vacation - does not exist?),unknown/ no savings account,1 <= ... < 4 years,female : divorced/separated/married,none,if not A121 : building society savings agreement/ life insurance,bank,rent,skilled employee / official,"yes, registered under the customers name ",yes,Y,11.999999999999998,1200.0,4.0,4.0,23.0,1.0,1.0,< 0 DM,existing credits paid back duly till now,(vacation - does not exist?),unknown/ no savings account,1 <= ... < 4 years,female : divorced/separated/married,none,if not A121 : building society savings agreement/ life insurance,bank,rent,skilled employee / official,"yes, registered under the customers name ",yes,Y,0.0,0.0,1.0,1.0,0.0,0.0,0.0,no checking account,delay in paying off in the past,business,500 <= ... < 1000 DM ,... < 1 year ,male : single,co-applicant,"if not A121/A122 : car or other, not in attribute 6",none,own,unskilled - resident,none,yes,Y,4.0,250.0,4.0,4.0,19.0,1.0,1.0,no checking account,delay in paying off in the past,business,500 <= ... < 1000 DM ,... < 1 year ,male : single,co-applicant,"if not A121/A122 : car or other, not in attribute 6",none,own,unskilled - resident,none,yes,Y,153.25411748886108,Y,N,Y
0,0.1176470588235294,0.06399251678221635,0.6666666666666667,0.3333333333333333,0.6428571428571428,0.0,0.0,no checking account,existing credits paid back duly till now,car (used),.. >= 1000 DM ,4 <= ... < 7 years,male : single,none,if not A121 : building society savings agreement/ life insurance,none,own,skilled employee / official,none,no,N,11.999999999999998,1413.0,3.0,2.0,54.99999999999999,1.0,1.0,no checking account,existing credits paid back duly till now,car (used),.. >= 1000 DM ,4 <= ... < 7 years,male : single,none,if not A121 : building society savings agreement/ life insurance,none,own,skilled employee / official,none,no,N,,,,,,,,,,,,,,,,,,,,,,,,,,,,,,,,,,,,,,,,,,,152.31084442138672,N,N,N
0,0.1176470588235294,0.06399251678221635,0.6666666666666667,0.3333333333333333,0.6428571428571428,0.0,0.0,no checking account,existing credits paid back duly till now,car (used),.. >= 1000 DM ,4 <= ... < 7 years,male : single,none,if not A121 : building society savings agreement/ life insurance,none,own,skilled employee / official,none,no,N,11.999999999999998,1413.0,3.0,2.0,54.99999999999999,1.0,1.0,no checking account,existing credits paid back duly till now,car (used),.. >= 1000 DM ,4 <= ... < 7 years,male : single,none,if not A121 : building society savings agreement/ life insurance,none,own,skilled employee / official,none,no,N,,,,,,,,,,,,,,,,,,,,,,,,,,,,,,,,,,,,,,,,,,,150.82568550109863,N,N,N
0,0.1176470588235294,0.06399251678221635,0.6666666666666667,0.3333333333333333,0.6428571428571428,0.0,0.0,no checking account,existing credits paid back duly till now,car (used),.. >= 1000 DM ,4 <= ... < 7 years,male : single,none,if not A121 : building society savings agreement/ life insurance,none,own,skilled employee / official,none,no,N,11.999999999999998,1413.0,3.0,2.0,54.99999999999999,1.0,1.0,no checking account,existing credits paid back duly till now,car (used),.. >= 1000 DM ,4 <= ... < 7 years,male : single,none,if not A121 : building society savings agreement/ life insurance,none,own,skilled employee / official,none,no,N,,,,,,,,,,,,,,,,,,,,,,,,,,,,,,,,,,,,,,,,,,,150.97751712799072,N,N,N
0,0.1176470588235294,0.06399251678221635,0.6666666666666667,0.3333333333333333,0.6428571428571428,0.0,0.0,no checking account,existing credits paid back duly till now,car (used),.. >= 1000 DM ,4 <= ... < 7 years,male : single,none,if not A121 : building society savings agreement/ life insurance,none,own,skilled employee / official,none,no,N,11.999999999999998,1413.0,3.0,2.0,54.99999999999999,1.0,1.0,no checking account,existing credits paid back duly till now,car (used),.. >= 1000 DM ,4 <= ... < 7 years,male : single,none,if not A121 : building society savings agreement/ life insurance,none,own,skilled employee / official,none,no,N,,,,,,,,,,,,,,,,,,,,,,,,,,,,,,,,,,,,,,,,,,,151.9427614212036,N,N,N
0,0.1176470588235294,0.06399251678221635,0.6666666666666667,0.3333333333333333,0.6428571428571428,0.0,0.0,no checking account,existing credits paid back duly till now,car (used),.. >= 1000 DM ,4 <= ... < 7 years,male : single,none,if not A121 : building society savings agreement/ life insurance,none,own,skilled employee / official,none,no,N,11.999999999999998,1413.0,3.0,2.0,54.99999999999999,1.0,1.0,no checking account,existing credits paid back duly till now,car (used),.. >= 1000 DM ,4 <= ... < 7 years,male : single,none,if not A121 : building society savings agreement/ life insurance,none,own,skilled employee / official,none,no,N,,,,,,,,,,,,,,,,,,,,,,,,,,,,,,,,,,,,,,,,,,,151.03214025497437,N,N,N
0,0.47058823529411764,0.7740728513260702,1.0,0.3333333333333333,0.6785714285714286,0.0,0.0,0 <= ... < 200 DM,existing credits paid back duly till now,car (new),... < 100 DM,.. >= 7 years,male : single,none,unknown / no property,none,for free,management/ self-employed/ highly qualified employee/ officer,"yes, registered under the customers name ",yes,Y,36.0,14318.0,4.0,2.0,57.0,1.0,1.0,0 <= ... < 200 DM,existing credits paid back duly till now,car (new),... < 100 DM,.. >= 7 years,male : single,none,unknown / no property,none,for free,management/ self-employed/ highly qualified employee/ officer,"yes, registered under the customers name ",yes,Y,0.0,0.0,1.0,0.0,0.0,0.0,0.0,no checking account,delay in paying off in the past,business,500 <= ... < 1000 DM ,... < 1 year ,male : single,co-applicant,"if not A121/A122 : car or other, not in attribute 6",none,own,unskilled - resident,none,yes,Y,4.0,250.0,4.0,1.0,19.0,1.0,1.0,no checking account,delay in paying off in the past,business,500 <= ... < 1000 DM ,... < 1 year ,male : single,co-applicant,"if not A121/A122 : car or other, not in attribute 6",none,own,unskilled - resident,none,yes,Y,154.38510513305664,Y,Y,Y
0,0.47058823529411764,0.7740728513260702,1.0,0.3333333333333333,0.6785714285714286,0.0,0.0,0 <= ... < 200 DM,existing credits paid back duly till now,car (new),... < 100 DM,.. >= 7 years,male : single,none,unknown / no property,none,for free,management/ self-employed/ highly qualified employee/ officer,"yes, registered under the customers name ",yes,Y,36.0,14318.0,4.0,2.0,57.0,1.0,1.0,0 <= ... < 200 DM,existing credits paid back duly till now,car (new),... < 100 DM,.. >= 7 years,male : single,none,unknown / no property,none,for free,management/ self-employed/ highly qualified employee/ officer,"yes, registered under the customers name ",yes,Y,0.0,0.0,1.0,0.0,0.0,0.0,0.0,no checking account,delay in paying off in the past,business,500 <= ... < 1000 DM ,... < 1 year ,male : single,co-applicant,"if not A121/A122 : car or other, not in attribute 6",none,own,unskilled - resident,none,yes,Y,4.0,250.0,4.0,1.0,19.0,1.0,1.0,no checking account,delay in paying off in the past,business,500 <= ... < 1000 DM ,... < 1 year ,male : single,co-applicant,"if not A121/A122 : car or other, not in attribute 6",none,own,unskilled - resident,none,yes,Y,153.8256425857544,Y,Y,Y
0,0.47058823529411764,0.7740728513260702,1.0,0.3333333333333333,0.6785714285714286,0.0,0.0,0 <= ... < 200 DM,existing credits paid back duly till now,car (new),... < 100 DM,.. >= 7 years,male : single,none,unknown / no property,none,for free,management/ self-employed/ highly qualified employee/ officer,"yes, registered under the customers name ",yes,Y,36.0,14318.0,4.0,2.0,57.0,1.0,1.0,0 <= ... < 200 DM,existing credits paid back duly till now,car (new),... < 100 DM,.. >= 7 years,male : single,none,unknown / no property,none,for free,management/ self-employed/ highly qualified employee/ officer,"yes, registered under the customers name ",yes,Y,0.0,0.0,1.0,0.0,0.0,0.0,0.0,no checking account,delay in paying off in the past,business,500 <= ... < 1000 DM ,... < 1 year ,male : single,co-applicant,"if not A121/A122 : car or other, not in attribute 6",none,own,unskilled - resident,none,yes,Y,4.0,250.0,4.0,1.0,19.0,1.0,1.0,no checking account,delay in paying off in the past,business,500 <= ... < 1000 DM ,... < 1 year ,male : single,co-applicant,"if not A121/A122 : car or other, not in attribute 6",none,own,unskilled - resident,none,yes,Y,153.88844275474548,Y,Y,Y
0,0.47058823529411764,0.7740728513260702,1.0,0.3333333333333333,0.6785714285714286,0.0,0.0,0 <= ... < 200 DM,existing credits paid back duly till now,car (new),... < 100 DM,.. >= 7 years,male : single,none,unknown / no property,none,for free,management/ self-employed/ highly qualified employee/ officer,"yes, registered under the customers name ",yes,Y,36.0,14318.0,4.0,2.0,57.0,1.0,1.0,0 <= ... < 200 DM,existing credits paid back duly till now,car (new),... < 100 DM,.. >= 7 years,male : single,none,unknown / no property,none,for free,management/ self-employed/ highly qualified employee/ officer,"yes, registered under the customers name ",yes,Y,0.0,0.0,1.0,0.0,0.0,0.0,0.0,no checking account,delay in paying off in the past,business,500 <= ... < 1000 DM ,... < 1 year ,male : single,co-applicant,"if not A121/A122 : car or other, not in attribute 6",none,own,unskilled - resident,none,yes,Y,4.0,250.0,4.0,1.0,19.0,1.0,1.0,no checking account,delay in paying off in the past,business,500 <= ... < 1000 DM ,... < 1 year ,male : single,co-applicant,"if not A121/A122 : car or other, not in attribute 6",none,own,unskilled - resident,none,yes,Y,153.48258876800537,Y,Y,Y
0,0.47058823529411764,0.7740728513260702,1.0,0.3333333333333333,0.6785714285714286,0.0,0.0,0 <= ... < 200 DM,existing credits paid back duly till now,car (new),... < 100 DM,.. >= 7 years,male : single,none,unknown / no property,none,for free,management/ self-employed/ highly qualified employee/ officer,"yes, registered under the customers name ",yes,Y,36.0,14318.0,4.0,2.0,57.0,1.0,1.0,0 <= ... < 200 DM,existing credits paid back duly till now,car (new),... < 100 DM,.. >= 7 years,male : single,none,unknown / no property,none,for free,management/ self-employed/ highly qualified employee/ officer,"yes, registered under the customers name ",yes,Y,0.0,0.0,1.0,0.0,0.0,0.0,0.0,no checking account,delay in paying off in the past,business,500 <= ... < 1000 DM ,... < 1 year ,male : single,co-applicant,"if not A121/A122 : car or other, not in attribute 6",none,own,unskilled - resident,none,yes,Y,4.0,250.0,4.0,1.0,19.0,1.0,1.0,no checking account,delay in paying off in the past,business,500 <= ... < 1000 DM ,... < 1 year ,male : single,co-applicant,"if not A121/A122 : car or other, not in attribute 6",none,own,unskilled - resident,none,yes,Y,153.3161220550537,Y,Y,Y
0,0.07352941176470588,0.057114559260482006,0.6666666666666667,1.0,0.5178571428571428,0.3333333333333333,1.0,< 0 DM,critical account/ other credits existing (not at this bank),education,100 <= ... < 500 DM,.. >= 7 years,male : single,guarantor,real estate,none,own,skilled employee / official,none,no,N,9.0,1288.0,3.0,4.0,47.99999999999999,2.0,2.0,< 0 DM,critical account/ other credits existing (not at this bank),education,100 <= ... < 500 DM,.. >= 7 years,male : single,guarantor,real estate,none,own,skilled employee / official,none,no,N,,,,,,,,,,,,,,,,,,,,,,,,,,,,,,,,,,,,,,,,,,,152.24884366989136,N,N,N
0,0.07352941176470588,0.057114559260482006,0.6666666666666667,1.0,0.5178571428571428,0.3333333333333333,1.0,< 0 DM,critical account/ other credits existing (not at this bank),education,100 <= ... < 500 DM,.. >= 7 years,male : single,guarantor,real estate,none,own,skilled employee / official,none,no,N,9.0,1288.0,3.0,4.0,47.99999999999999,2.0,2.0,< 0 DM,critical account/ other credits existing (not at this bank),education,100 <= ... < 500 DM,.. >= 7 years,male : single,guarantor,real estate,none,own,skilled employee / official,none,no,N,,,,,,,,,,,,,,,,,,,,,,,,,,,,,,,,,,,,,,,,,,,151.89079189300537,N,N,N
0,0.07352941176470588,0.057114559260482006,0.6666666666666667,1.0,0.5178571428571428,0.3333333333333333,1.0,< 0 DM,critical account/ other credits existing (not at this bank),education,100 <= ... < 500 DM,.. >= 7 years,male : single,guarantor,real estate,none,own,skilled employee / official,none,no,N,9.0,1288.0,3.0,4.0,47.99999999999999,2.0,2.0,< 0 DM,critical account/ other credits existing (not at this bank),education,100 <= ... < 500 DM,.. >= 7 years,male : single,guarantor,real estate,none,own,skilled employee / official,none,no,N,,,,,,,,,,,,,,,,,,,,,,,,,,,,,,,,,,,,,,,,,,,152.131361246109,N,N,N
0,0.07352941176470588,0.057114559260482006,0.6666666666666667,1.0,0.5178571428571428,0.3333333333333333,1.0,< 0 DM,critical account/ other credits existing (not at this bank),education,100 <= ... < 500 DM,.. >= 7 years,male : single,guarantor,real estate,none,own,skilled employee / official,none,no,N,9.0,1288.0,3.0,4.0,47.99999999999999,2.0,2.0,< 0 DM,critical account/ other credits existing (not at this bank),education,100 <= ... < 500 DM,.. >= 7 years,male : single,guarantor,real estate,none,own,skilled employee / official,none,no,N,,,,,,,,,,,,,,,,,,,,,,,,,,,,,,,,,,,,,,,,,,,151.7022693157196,N,N,N
0,0.07352941176470588,0.057114559260482006,0.6666666666666667,1.0,0.5178571428571428,0.3333333333333333,1.0,< 0 DM,critical account/ other credits existing (not at this bank),education,100 <= ... < 500 DM,.. >= 7 years,male : single,guarantor,real estate,none,own,skilled employee / official,none,no,N,9.0,1288.0,3.0,4.0,47.99999999999999,2.0,2.0,< 0 DM,critical account/ other credits existing (not at this bank),education,100 <= ... < 500 DM,.. >= 7 years,male : single,guarantor,real estate,none,own,skilled employee / official,none,no,N,,,,,,,,,,,,,,,,,,,,,,,,,,,,,,,,,,,,,,,,,,,152.35969591140747,N,N,N
0,0.2941176470588235,0.07015516672169032,1.0,0.6666666666666667,0.26785714285714285,0.0,1.0,no checking account,existing credits paid back duly till now,car (new),.. >= 1000 DM ,4 <= ... < 7 years,female : divorced/separated/married,none,"if not A121/A122 : car or other, not in attribute 6",none,own,skilled employee / official,"yes, registered under the customers name ",yes,N,23.999999999999996,1525.0,4.0,3.0,34.0,1.0,2.0,no checking account,existing credits paid back duly till now,car (new),.. >= 1000 DM ,4 <= ... < 7 years,female : divorced/separated/married,none,"if not A121/A122 : car or other, not in attribute 6",none,own,skilled employee / official,"yes, registered under the customers name ",yes,N,,,,,,,,,,,,,,,,,,,,,,,,,,,,,,,,,,,,,,,,,,,151.8628797531128,N,N,N
0,0.2941176470588235,0.07015516672169032,1.0,0.6666666666666667,0.26785714285714285,0.0,1.0,no checking account,existing credits paid back duly till now,car (new),.. >= 1000 DM ,4 <= ... < 7 years,female : divorced/separated/married,none,"if not A121/A122 : car or other, not in attribute 6",none,own,skilled employee / official,"yes, registered under the customers name ",yes,N,23.999999999999996,1525.0,4.0,3.0,34.0,1.0,2.0,no checking account,existing credits paid back duly till now,car (new),.. >= 1000 DM ,4 <= ... < 7 years,female : divorced/separated/married,none,"if not A121/A122 : car or other, not in attribute 6",none,own,skilled employee / official,"yes, registered under the customers name ",yes,N,,,,,,,,,,,,,,,,,,,,,,,,,,,,,,,,,,,,,,,,,,,150.720965385437,N,N,N
0,0.2941176470588235,0.07015516672169032,1.0,0.6666666666666667,0.26785714285714285,0.0,1.0,no checking account,existing credits paid back duly till now,car (new),.. >= 1000 DM ,4 <= ... < 7 years,female : divorced/separated/married,none,"if not A121/A122 : car or other, not in attribute 6",none,own,skilled employee / official,"yes, registered under the customers name ",yes,N,23.999999999999996,1525.0,4.0,3.0,34.0,1.0,2.0,no checking account,existing credits paid back duly till now,car (new),.. >= 1000 DM ,4 <= ... < 7 years,female : divorced/separated/married,none,"if not A121/A122 : car or other, not in attribute 6",none,own,skilled employee / official,"yes, registered under the customers name ",yes,N,,,,,,,,,,,,,,,,,,,,,,,,,,,,,,,,,,,,,,,,,,,151.04738354682922,N,N,N
0,0.2941176470588235,0.07015516672169032,1.0,0.6666666666666667,0.26785714285714285,0.0,1.0,no checking account,existing credits paid back duly till now,car (new),.. >= 1000 DM ,4 <= ... < 7 years,female : divorced/separated/married,none,"if not A121/A122 : car or other, not in attribute 6",none,own,skilled employee / official,"yes, registered under the customers name ",yes,N,23.999999999999996,1525.0,4.0,3.0,34.0,1.0,2.0,no checking account,existing credits paid back duly till now,car (new),.. >= 1000 DM ,4 <= ... < 7 years,female : divorced/separated/married,none,"if not A121/A122 : car or other, not in attribute 6",none,own,skilled employee / official,"yes, registered under the customers name ",yes,N,,,,,,,,,,,,,,,,,,,,,,,,,,,,,,,,,,,,,,,,,,,151.89176106452942,N,N,N
0,0.2941176470588235,0.07015516672169032,1.0,0.6666666666666667,0.26785714285714285,0.0,1.0,no checking account,existing credits paid back duly till now,car (new),.. >= 1000 DM ,4 <= ... < 7 years,female : divorced/separated/married,none,"if not A121/A122 : car or other, not in attribute 6",none,own,skilled employee / official,"yes, registered under the customers name ",yes,N,23.999999999999996,1525.0,4.0,3.0,34.0,1.0,2.0,no checking account,existing credits paid back duly till now,car (new),.. >= 1000 DM ,4 <= ... < 7 years,female : divorced/separated/married,none,"if not A121/A122 : car or other, not in attribute 6",none,own,skilled employee / official,"yes, registered under the customers name ",yes,N,,,,,,,,,,,,,,,,,,,,,,,,,,,,,,,,,,,,,,,,,,,152.23722290992737,N,N,N
0,0.20588235294117646,0.10311433916584131,1.0,1.0,0.0892857142857143,0.3333333333333333,0.0,< 0 DM,critical account/ other credits existing (not at this bank),radio/television,... < 100 DM,1 <= ... < 4 years,female : divorced/separated/married,none,real estate,none,rent,skilled employee / official,none,yes,Y,18.0,2124.0,4.0,4.0,24.0,2.0,1.0,< 0 DM,critical account/ other credits existing (not at this bank),radio/television,... < 100 DM,1 <= ... < 4 years,female : divorced/separated/married,none,real estate,none,rent,skilled employee / official,none,yes,Y,0.0,0.0,1.0,1.0,0.0,0.0,0.0,no checking account,delay in paying off in the past,business,500 <= ... < 1000 DM ,... < 1 year ,male : single,co-applicant,"if not A121/A122 : car or other, not in attribute 6",none,own,unskilled - resident,none,yes,Y,4.0,250.0,4.0,4.0,19.0,1.0,1.0,no checking account,delay in paying off in the past,business,500 <= ... < 1000 DM ,... < 1 year ,male : single,co-applicant,"if not A121/A122 : car or other, not in attribute 6",none,own,unskilled - resident,none,yes,Y,154.43506956100464,Y,Y,Y
0,0.20588235294117646,0.10311433916584131,1.0,1.0,0.0892857142857143,0.3333333333333333,0.0,< 0 DM,critical account/ other credits existing (not at this bank),radio/television,... < 100 DM,1 <= ... < 4 years,female : divorced/separated/married,none,real estate,none,rent,skilled employee / official,none,yes,Y,18.0,2124.0,4.0,4.0,24.0,2.0,1.0,< 0 DM,critical account/ other credits existing (not at this bank),radio/television,... < 100 DM,1 <= ... < 4 years,female : divorced/separated/married,none,real estate,none,rent,skilled employee / official,none,yes,Y,0.0,0.0,1.0,1.0,0.0,0.0,0.0,no checking account,delay in paying off in the past,business,500 <= ... < 1000 DM ,... < 1 year ,male : single,co-applicant,"if not A121/A122 : car or other, not in attribute 6",none,own,unskilled - resident,none,yes,Y,4.0,250.0,4.0,4.0,19.0,1.0,1.0,no checking account,delay in paying off in the past,business,500 <= ... < 1000 DM ,... < 1 year ,male : single,co-applicant,"if not A121/A122 : car or other, not in attribute 6",none,own,unskilled - resident,none,yes,Y,153.78775119781494,Y,Y,Y
0,0.20588235294117646,0.10311433916584131,1.0,1.0,0.0892857142857143,0.3333333333333333,0.0,< 0 DM,critical account/ other credits existing (not at this bank),radio/television,... < 100 DM,1 <= ... < 4 years,female : divorced/separated/married,none,real estate,none,rent,skilled employee / official,none,yes,Y,18.0,2124.0,4.0,4.0,24.0,2.0,1.0,< 0 DM,critical account/ other credits existing (not at this bank),radio/television,... < 100 DM,1 <= ... < 4 years,female : divorced/separated/married,none,real estate,none,rent,skilled employee / official,none,yes,Y,0.0,0.0,1.0,1.0,0.0,0.0,0.0,no checking account,delay in paying off in the past,business,500 <= ... < 1000 DM ,... < 1 year ,male : single,co-applicant,"if not A121/A122 : car or other, not in attribute 6",none,own,unskilled - resident,none,yes,Y,4.0,250.0,4.0,4.0,19.0,1.0,1.0,no checking account,delay in paying off in the past,business,500 <= ... < 1000 DM ,... < 1 year ,male : single,co-applicant,"if not A121/A122 : car or other, not in attribute 6",none,own,unskilled - resident,none,yes,Y,153.90743851661682,Y,Y,Y
0,0.20588235294117646,0.10311433916584131,1.0,1.0,0.0892857142857143,0.3333333333333333,0.0,< 0 DM,critical account/ other credits existing (not at this bank),radio/television,... < 100 DM,1 <= ... < 4 years,female : divorced/separated/married,none,real estate,none,rent,skilled employee / official,none,yes,Y,18.0,2124.0,4.0,4.0,24.0,2.0,1.0,< 0 DM,critical account/ other credits existing (not at this bank),radio/television,... < 100 DM,1 <= ... < 4 years,female : divorced/separated/married,none,real estate,none,rent,skilled employee / official,none,yes,Y,0.0,0.0,1.0,1.0,0.0,0.0,0.0,no checking account,delay in paying off in the past,business,500 <= ... < 1000 DM ,... < 1 year ,male : single,co-applicant,"if not A121/A122 : car or other, not in attribute 6",none,own,unskilled - resident,none,yes,Y,4.0,250.0,4.0,4.0,19.0,1.0,1.0,no checking account,delay in paying off in the past,business,500 <= ... < 1000 DM ,... < 1 year ,male : single,co-applicant,"if not A121/A122 : car or other, not in attribute 6",none,own,unskilled - resident,none,yes,Y,155.13240122795105,Y,Y,Y
0,0.20588235294117646,0.10311433916584131,1.0,1.0,0.0892857142857143,0.3333333333333333,0.0,< 0 DM,critical account/ other credits existing (not at this bank),radio/television,... < 100 DM,1 <= ... < 4 years,female : divorced/separated/married,none,real estate,none,rent,skilled employee / official,none,yes,Y,18.0,2124.0,4.0,4.0,24.0,2.0,1.0,< 0 DM,critical account/ other credits existing (not at this bank),radio/television,... < 100 DM,1 <= ... < 4 years,female : divorced/separated/married,none,real estate,none,rent,skilled employee / official,none,yes,Y,0.0,0.0,1.0,1.0,0.0,0.0,0.0,no checking account,delay in paying off in the past,business,500 <= ... < 1000 DM ,... < 1 year ,male : single,co-applicant,"if not A121/A122 : car or other, not in attribute 6",none,own,unskilled - resident,none,yes,Y,4.0,250.0,4.0,4.0,19.0,1.0,1.0,no checking account,delay in paying off in the past,business,500 <= ... < 1000 DM ,... < 1 year ,male : single,co-applicant,"if not A121/A122 : car or other, not in attribute 6",none,own,unskilled - resident,none,yes,Y,155.66570496559143,Y,Y,Y
0,0.38235294117647056,0.2200396170353252,1.0,0.3333333333333333,0.16071428571428575,0.3333333333333333,0.0,0 <= ... < 200 DM,critical account/ other credits existing (not at this bank),car (new),... < 100 DM,unemployed,male : married/widowed,none,"if not A121/A122 : car or other, not in attribute 6",none,own,management/ self-employed/ highly qualified employee/ officer,none,yes,Y,30.0,4249.0,4.0,2.0,28.0,2.0,1.0,0 <= ... < 200 DM,critical account/ other credits existing (not at this bank),car (new),... < 100 DM,unemployed,male : married/widowed,none,"if not A121/A122 : car or other, not in attribute 6",none,own,management/ self-employed/ highly qualified employee/ officer,none,yes,Y,0.0,0.0,1.0,0.0,0.0,0.0,0.0,no checking account,delay in paying off in the past,business,500 <= ... < 1000 DM ,... < 1 year ,male : single,co-applicant,"if not A121/A122 : car or other, not in attribute 6",none,own,unskilled - resident,none,yes,Y,4.0,250.0,4.0,1.0,19.0,1.0,1.0,no checking account,delay in paying off in the past,business,500 <= ... < 1000 DM ,... < 1 year ,male : single,co-applicant,"if not A121/A122 : car or other, not in attribute 6",none,own,unskilled - resident,none,yes,Y,154.2465398311615,Y,Y,Y
0,0.38235294117647056,0.2200396170353252,1.0,0.3333333333333333,0.16071428571428575,0.3333333333333333,0.0,0 <= ... < 200 DM,critical account/ other credits existing (not at this bank),car (new),... < 100 DM,unemployed,male : married/widowed,none,"if not A121/A122 : car or other, not in attribute 6",none,own,management/ self-employed/ highly qualified employee/ officer,none,yes,Y,30.0,4249.0,4.0,2.0,28.0,2.0,1.0,0 <= ... < 200 DM,critical account/ other credits existing (not at this bank),car (new),... < 100 DM,unemployed,male : married/widowed,none,"if not A121/A122 : car or other, not in attribute 6",none,own,management/ self-employed/ highly qualified employee/ officer,none,yes,Y,0.0,0.0,1.0,0.0,0.0,0.0,0.0,no checking account,delay in paying off in the past,business,500 <= ... < 1000 DM ,... < 1 year ,male : single,co-applicant,"if not A121/A122 : car or other, not in attribute 6",none,own,unskilled - resident,none,yes,Y,4.0,250.0,4.0,1.0,19.0,1.0,1.0,no checking account,delay in paying off in the past,business,500 <= ... < 1000 DM ,... < 1 year ,male : single,co-applicant,"if not A121/A122 : car or other, not in attribute 6",none,own,unskilled - resident,none,yes,Y,155.09262013435364,Y,Y,Y
0,0.38235294117647056,0.2200396170353252,1.0,0.3333333333333333,0.16071428571428575,0.3333333333333333,0.0,0 <= ... < 200 DM,critical account/ other credits existing (not at this bank),car (new),... < 100 DM,unemployed,male : married/widowed,none,"if not A121/A122 : car or other, not in attribute 6",none,own,management/ self-employed/ highly qualified employee/ officer,none,yes,Y,30.0,4249.0,4.0,2.0,28.0,2.0,1.0,0 <= ... < 200 DM,critical account/ other credits existing (not at this bank),car (new),... < 100 DM,unemployed,male : married/widowed,none,"if not A121/A122 : car or other, not in attribute 6",none,own,management/ self-employed/ highly qualified employee/ officer,none,yes,Y,0.0,0.0,1.0,0.0,0.0,0.0,0.0,no checking account,delay in paying off in the past,business,500 <= ... < 1000 DM ,... < 1 year ,male : single,co-applicant,"if not A121/A122 : car or other, not in attribute 6",none,own,unskilled - resident,none,yes,Y,4.0,250.0,4.0,1.0,19.0,1.0,1.0,no checking account,delay in paying off in the past,business,500 <= ... < 1000 DM ,... < 1 year ,male : single,co-applicant,"if not A121/A122 : car or other, not in attribute 6",none,own,unskilled - resident,none,yes,Y,154.38828992843628,Y,Y,Y
0,0.38235294117647056,0.2200396170353252,1.0,0.3333333333333333,0.16071428571428575,0.3333333333333333,0.0,0 <= ... < 200 DM,critical account/ other credits existing (not at this bank),car (new),... < 100 DM,unemployed,male : married/widowed,none,"if not A121/A122 : car or other, not in attribute 6",none,own,management/ self-employed/ highly qualified employee/ officer,none,yes,Y,30.0,4249.0,4.0,2.0,28.0,2.0,1.0,0 <= ... < 200 DM,critical account/ other credits existing (not at this bank),car (new),... < 100 DM,unemployed,male : married/widowed,none,"if not A121/A122 : car or other, not in attribute 6",none,own,management/ self-employed/ highly qualified employee/ officer,none,yes,Y,0.0,0.0,1.0,0.0,0.0,0.0,0.0,no checking account,delay in paying off in the past,business,500 <= ... < 1000 DM ,... < 1 year ,male : single,co-applicant,"if not A121/A122 : car or other, not in attribute 6",none,own,unskilled - resident,none,yes,Y,4.0,250.0,4.0,1.0,19.0,1.0,1.0,no checking account,delay in paying off in the past,business,500 <= ... < 1000 DM ,... < 1 year ,male : single,co-applicant,"if not A121/A122 : car or other, not in attribute 6",none,own,unskilled - resident,none,yes,Y,153.51168060302734,Y,Y,Y
0,0.38235294117647056,0.2200396170353252,1.0,0.3333333333333333,0.16071428571428575,0.3333333333333333,0.0,0 <= ... < 200 DM,critical account/ other credits existing (not at this bank),car (new),... < 100 DM,unemployed,male : married/widowed,none,"if not A121/A122 : car or other, not in attribute 6",none,own,management/ self-employed/ highly qualified employee/ officer,none,yes,Y,30.0,4249.0,4.0,2.0,28.0,2.0,1.0,0 <= ... < 200 DM,critical account/ other credits existing (not at this bank),car (new),... < 100 DM,unemployed,male : married/widowed,none,"if not A121/A122 : car or other, not in attribute 6",none,own,management/ self-employed/ highly qualified employee/ officer,none,yes,Y,0.0,0.0,1.0,0.0,0.0,0.0,0.0,no checking account,delay in paying off in the past,business,500 <= ... < 1000 DM ,... < 1 year ,male : single,co-applicant,"if not A121/A122 : car or other, not in attribute 6",none,own,unskilled - resident,none,yes,Y,4.0,250.0,4.0,1.0,19.0,1.0,1.0,no checking account,delay in paying off in the past,business,500 <= ... < 1000 DM ,... < 1 year ,male : single,co-applicant,"if not A121/A122 : car or other, not in attribute 6",none,own,unskilled - resident,none,yes,Y,153.85453701019287,Y,Y,Y
0,0.38235294117647056,0.6464179597226807,0.0,0.0,0.26785714285714285,0.0,0.0,< 0 DM,existing credits paid back duly till now,education,... < 100 DM,... < 1 year ,male : divorced/separated,none,unknown / no property,none,own,unskilled - resident,"yes, registered under the customers name ",yes,Y,30.0,11998.0,1.0,1.0,34.0,1.0,1.0,< 0 DM,existing credits paid back duly till now,education,... < 100 DM,... < 1 year ,male : divorced/separated,none,unknown / no property,none,own,unskilled - resident,"yes, registered under the customers name ",yes,Y,0.0,0.0,0.0,0.0,0.0,0.0,0.0,no checking account,delay in paying off in the past,business,500 <= ... < 1000 DM ,... < 1 year ,male : single,co-applicant,"if not A121/A122 : car or other, not in attribute 6",none,own,unskilled - resident,none,yes,Y,4.0,250.0,1.0,1.0,19.0,1.0,1.0,no checking account,delay in paying off in the past,business,500 <= ... < 1000 DM ,... < 1 year ,male : single,co-applicant,"if not A121/A122 : car or other, not in attribute 6",none,own,unskilled - resident,none,yes,Y,153.38998937606812,Y,Y,Y
0,0.38235294117647056,0.6464179597226807,0.0,0.0,0.26785714285714285,0.0,0.0,< 0 DM,existing credits paid back duly till now,education,... < 100 DM,... < 1 year ,male : divorced/separated,none,unknown / no property,none,own,unskilled - resident,"yes, registered under the customers name ",yes,Y,30.0,11998.0,1.0,1.0,34.0,1.0,1.0,< 0 DM,existing credits paid back duly till now,education,... < 100 DM,... < 1 year ,male : divorced/separated,none,unknown / no property,none,own,unskilled - resident,"yes, registered under the customers name ",yes,Y,0.0,0.0,0.0,0.0,0.0,0.0,0.0,no checking account,delay in paying off in the past,business,500 <= ... < 1000 DM ,... < 1 year ,male : single,co-applicant,"if not A121/A122 : car or other, not in attribute 6",none,own,unskilled - resident,none,yes,Y,4.0,250.0,1.0,1.0,19.0,1.0,1.0,no checking account,delay in paying off in the past,business,500 <= ... < 1000 DM ,... < 1 year ,male : single,co-applicant,"if not A121/A122 : car or other, not in attribute 6",none,own,unskilled - resident,none,yes,Y,153.8147795200348,Y,Y,Y
0,0.38235294117647056,0.6464179597226807,0.0,0.0,0.26785714285714285,0.0,0.0,< 0 DM,existing credits paid back duly till now,education,... < 100 DM,... < 1 year ,male : divorced/separated,none,unknown / no property,none,own,unskilled - resident,"yes, registered under the customers name ",yes,Y,30.0,11998.0,1.0,1.0,34.0,1.0,1.0,< 0 DM,existing credits paid back duly till now,education,... < 100 DM,... < 1 year ,male : divorced/separated,none,unknown / no property,none,own,unskilled - resident,"yes, registered under the customers name ",yes,Y,0.0,0.0,0.0,0.0,0.0,0.0,0.0,no checking account,delay in paying off in the past,business,500 <= ... < 1000 DM ,... < 1 year ,male : single,co-applicant,"if not A121/A122 : car or other, not in attribute 6",none,own,unskilled - resident,none,yes,Y,4.0,250.0,1.0,1.0,19.0,1.0,1.0,no checking account,delay in paying off in the past,business,500 <= ... < 1000 DM ,... < 1 year ,male : single,co-applicant,"if not A121/A122 : car or other, not in attribute 6",none,own,unskilled - resident,none,yes,Y,154.36941123008728,Y,Y,Y
0,0.38235294117647056,0.6464179597226807,0.0,0.0,0.26785714285714285,0.0,0.0,< 0 DM,existing credits paid back duly till now,education,... < 100 DM,... < 1 year ,male : divorced/separated,none,unknown / no property,none,own,unskilled - resident,"yes, registered under the customers name ",yes,Y,30.0,11998.0,1.0,1.0,34.0,1.0,1.0,< 0 DM,existing credits paid back duly till now,education,... < 100 DM,... < 1 year ,male : divorced/separated,none,unknown / no property,none,own,unskilled - resident,"yes, registered under the customers name ",yes,Y,0.0,0.0,0.0,0.0,0.0,0.0,0.0,no checking account,delay in paying off in the past,business,500 <= ... < 1000 DM ,... < 1 year ,male : single,co-applicant,"if not A121/A122 : car or other, not in attribute 6",none,own,unskilled - resident,none,yes,Y,4.0,250.0,1.0,1.0,19.0,1.0,1.0,no checking account,delay in paying off in the past,business,500 <= ... < 1000 DM ,... < 1 year ,male : single,co-applicant,"if not A121/A122 : car or other, not in attribute 6",none,own,unskilled - resident,none,yes,Y,154.84932684898376,Y,Y,Y
0,0.38235294117647056,0.6464179597226807,0.0,0.0,0.26785714285714285,0.0,0.0,< 0 DM,existing credits paid back duly till now,education,... < 100 DM,... < 1 year ,male : divorced/separated,none,unknown / no property,none,own,unskilled - resident,"yes, registered under the customers name ",yes,Y,30.0,11998.0,1.0,1.0,34.0,1.0,1.0,< 0 DM,existing credits paid back duly till now,education,... < 100 DM,... < 1 year ,male : divorced/separated,none,unknown / no property,none,own,unskilled - resident,"yes, registered under the customers name ",yes,Y,0.0,0.0,0.0,0.0,0.0,0.0,0.0,no checking account,delay in paying off in the past,business,500 <= ... < 1000 DM ,... < 1 year ,male : single,co-applicant,"if not A121/A122 : car or other, not in attribute 6",none,own,unskilled - resident,none,yes,Y,4.0,250.0,1.0,1.0,19.0,1.0,1.0,no checking account,delay in paying off in the past,business,500 <= ... < 1000 DM ,... < 1 year ,male : single,co-applicant,"if not A121/A122 : car or other, not in attribute 6",none,own,unskilled - resident,none,yes,Y,154.15668487548828,Y,Y,Y
0,0.20588235294117646,0.45234951028942444,0.0,0.3333333333333333,0.07142857142857145,0.3333333333333333,0.0,< 0 DM,delay in paying off in the past,(vacation - does not exist?),unknown/ no savings account,1 <= ... < 4 years,female : divorced/separated/married,none,"if not A121/A122 : car or other, not in attribute 6",none,rent,skilled employee / official,"yes, registered under the customers name ",yes,N,18.0,8471.0,1.0,2.0,23.0,2.0,1.0,< 0 DM,delay in paying off in the past,(vacation - does not exist?),unknown/ no savings account,1 <= ... < 4 years,female : divorced/separated/married,none,"if not A121/A122 : car or other, not in attribute 6",none,rent,skilled employee / official,"yes, registered under the customers name ",yes,N,,,,,,,,,,,,,,,,,,,,,,,,,,,,,,,,,,,,,,,,,,,151.07835245132446,N,N,N
0,0.20588235294117646,0.45234951028942444,0.0,0.3333333333333333,0.07142857142857145,0.3333333333333333,0.0,< 0 DM,delay in paying off in the past,(vacation - does not exist?),unknown/ no savings account,1 <= ... < 4 years,female : divorced/separated/married,none,"if not A121/A122 : car or other, not in attribute 6",none,rent,skilled employee / official,"yes, registered under the customers name ",yes,N,18.0,8471.0,1.0,2.0,23.0,2.0,1.0,< 0 DM,delay in paying off in the past,(vacation - does not exist?),unknown/ no savings account,1 <= ... < 4 years,female : divorced/separated/married,none,"if not A121/A122 : car or other, not in attribute 6",none,rent,skilled employee / official,"yes, registered under the customers name ",yes,N,,,,,,,,,,,,,,,,,,,,,,,,,,,,,,,,,,,,,,,,,,,150.96235275268555,N,N,N
0,0.20588235294117646,0.45234951028942444,0.0,0.3333333333333333,0.07142857142857145,0.3333333333333333,0.0,< 0 DM,delay in paying off in the past,(vacation - does not exist?),unknown/ no savings account,1 <= ... < 4 years,female : divorced/separated/married,none,"if not A121/A122 : car or other, not in attribute 6",none,rent,skilled employee / official,"yes, registered under the customers name ",yes,N,18.0,8471.0,1.0,2.0,23.0,2.0,1.0,< 0 DM,delay in paying off in the past,(vacation - does not exist?),unknown/ no savings account,1 <= ... < 4 years,female : divorced/separated/married,none,"if not A121/A122 : car or other, not in attribute 6",none,rent,skilled employee / official,"yes, registered under the customers name ",yes,N,,,,,,,,,,,,,,,,,,,,,,,,,,,,,,,,,,,,,,,,,,,150.8347568511963,N,N,N
0,0.20588235294117646,0.45234951028942444,0.0,0.3333333333333333,0.07142857142857145,0.3333333333333333,0.0,< 0 DM,delay in paying off in the past,(vacation - does not exist?),unknown/ no savings account,1 <= ... < 4 years,female : divorced/separated/married,none,"if not A121/A122 : car or other, not in attribute 6",none,rent,skilled employee / official,"yes, registered under the customers name ",yes,N,18.0,8471.0,1.0,2.0,23.0,2.0,1.0,< 0 DM,delay in paying off in the past,(vacation - does not exist?),unknown/ no savings account,1 <= ... < 4 years,female : divorced/separated/married,none,"if not A121/A122 : car or other, not in attribute 6",none,rent,skilled employee / official,"yes, registered under the customers name ",yes,N,,,,,,,,,,,,,,,,,,,,,,,,,,,,,,,,,,,,,,,,,,,150.60631322860718,N,N,N
0,0.20588235294117646,0.45234951028942444,0.0,0.3333333333333333,0.07142857142857145,0.3333333333333333,0.0,< 0 DM,delay in paying off in the past,(vacation - does not exist?),unknown/ no savings account,1 <= ... < 4 years,female : divorced/separated/married,none,"if not A121/A122 : car or other, not in attribute 6",none,rent,skilled employee / official,"yes, registered under the customers name ",yes,N,18.0,8471.0,1.0,2.0,23.0,2.0,1.0,< 0 DM,delay in paying off in the past,(vacation - does not exist?),unknown/ no savings account,1 <= ... < 4 years,female : divorced/separated/married,none,"if not A121/A122 : car or other, not in attribute 6",none,rent,skilled employee / official,"yes, registered under the customers name ",yes,N,,,,,,,,,,,,,,,,,,,,,,,,,,,,,,,,,,,,,,,,,,,150.64034247398376,N,N,N
