,Unnamed: 0,scaled_input_duration_in_month,scaled_input_credit_amount,scaled_input_installment_as_income_perc,scaled_input_present_res_since,scaled_input_age,scaled_input_account_check_status,scaled_input_credit_history,scaled_input_purpose,scaled_input_savings,scaled_input_present_emp_since,scaled_input_personal_status_sex,scaled_input_other_debtors,scaled_input_property,scaled_input_other_installment_plans,scaled_input_housing,scaled_input_credits_this_bank,scaled_input_job,scaled_input_people_under_maintenance,scaled_input_telephone,scaled_input_foreign_worker,scaled_input_default,origin_input_duration_in_month,origin_input_credit_amount,origin_input_installment_as_income_perc,origin_input_present_res_since,origin_input_age,origin_input_account_check_status,origin_input_credit_history,origin_input_purpose,origin_input_savings,origin_input_present_emp_since,origin_input_personal_status_sex,origin_input_other_debtors,origin_input_property,origin_input_other_installment_plans,origin_input_housing,origin_input_credits_this_bank,origin_input_job,origin_input_people_under_maintenance,origin_input_telephone,origin_input_foreign_worker,origin_input_default,scaled_cf_duration_in_month,scaled_cf_credit_amount,scaled_cf_installment_as_income_perc,scaled_cf_present_res_since,scaled_cf_age,scaled_cf_account_check_status,scaled_cf_credit_history,scaled_cf_purpose,scaled_cf_savings,scaled_cf_present_emp_since,scaled_cf_personal_status_sex,scaled_cf_other_debtors,scaled_cf_property,scaled_cf_other_installment_plans,scaled_cf_housing,scaled_cf_credits_this_bank,scaled_cf_job,scaled_cf_people_under_maintenance,scaled_cf_telephone,scaled_cf_foreign_worker,scaled_cf_default,origin_cf_duration_in_month,origin_cf_credit_amount,origin_cf_installment_as_income_perc,origin_cf_present_res_since,origin_cf_age,origin_cf_account_check_status,origin_cf_credit_history,origin_cf_purpose,origin_cf_savings,origin_cf_present_emp_since,origin_cf_personal_status_sex,origin_cf_other_debtors,origin_cf_property,origin_cf_other_installment_plans,origin_cf_housing,origin_cf_credits_this_bank,origin_cf_job,origin_cf_people_under_maintenance,origin_cf_telephone,origin_cf_foreign_worker,origin_cf_default,running_time,Found,ground_truth,prediction
0,0,0.4705882352941176,0.3651920325740068,1.0,0.6666666666666667,0.1785714285714285,< 0 DM,delay in paying off in the past,(vacation - does not exist?),... < 100 DM,1 <= ... < 4 years,male : single,none,if not A121 : building society savings agreement/ life insurance,stores,own,1,skilled employee / official,1,"yes, registered under the customers name ",yes,Y,36.0,6887.0,4.0,3.0,29.0,< 0 DM,delay in paying off in the past,(vacation - does not exist?),... < 100 DM,1 <= ... < 4 years,male : single,none,if not A121 : building society savings agreement/ life insurance,stores,own,1,skilled employee / official,1,"yes, registered under the customers name ",yes,Y,0.0,0.0,1.0,0.0,0.0,no checking account,critical account/ other credits existing (not at this bank),business,500 <= ... < 1000 DM ,... < 1 year ,male : single,co-applicant,"if not A121/A122 : car or other, not in attribute 6",none,own,2.0,unskilled - resident,1.0,"yes, registered under the customers name ",no,N,4.0,250.0,4.0,1.0,19.0,no checking account,critical account/ other credits existing (not at this bank),business,500 <= ... < 1000 DM ,... < 1 year ,male : single,co-applicant,"if not A121/A122 : car or other, not in attribute 6",none,own,2.0,unskilled - resident,1.0,"yes, registered under the customers name ",no,N,239.03358817100525,Y,Y,Y
0,0,0.4705882352941176,0.3651920325740068,1.0,0.6666666666666667,0.1785714285714285,< 0 DM,delay in paying off in the past,(vacation - does not exist?),... < 100 DM,1 <= ... < 4 years,male : single,none,if not A121 : building society savings agreement/ life insurance,stores,own,1,skilled employee / official,1,"yes, registered under the customers name ",yes,Y,36.0,6887.0,4.0,3.0,29.0,< 0 DM,delay in paying off in the past,(vacation - does not exist?),... < 100 DM,1 <= ... < 4 years,male : single,none,if not A121 : building society savings agreement/ life insurance,stores,own,1,skilled employee / official,1,"yes, registered under the customers name ",yes,Y,0.0,0.0,1.0,0.0,0.0,no checking account,critical account/ other credits existing (not at this bank),business,500 <= ... < 1000 DM ,... < 1 year ,male : single,co-applicant,"if not A121/A122 : car or other, not in attribute 6",none,own,2.0,unskilled - resident,1.0,"yes, registered under the customers name ",no,N,4.0,250.0,4.0,1.0,19.0,no checking account,critical account/ other credits existing (not at this bank),business,500 <= ... < 1000 DM ,... < 1 year ,male : single,co-applicant,"if not A121/A122 : car or other, not in attribute 6",none,own,2.0,unskilled - resident,1.0,"yes, registered under the customers name ",no,N,254.21358680725095,Y,Y,Y
0,0,0.4705882352941176,0.3651920325740068,1.0,0.6666666666666667,0.1785714285714285,< 0 DM,delay in paying off in the past,(vacation - does not exist?),... < 100 DM,1 <= ... < 4 years,male : single,none,if not A121 : building society savings agreement/ life insurance,stores,own,1,skilled employee / official,1,"yes, registered under the customers name ",yes,Y,36.0,6887.0,4.0,3.0,29.0,< 0 DM,delay in paying off in the past,(vacation - does not exist?),... < 100 DM,1 <= ... < 4 years,male : single,none,if not A121 : building society savings agreement/ life insurance,stores,own,1,skilled employee / official,1,"yes, registered under the customers name ",yes,Y,0.0,0.0,1.0,0.0,0.0,no checking account,critical account/ other credits existing (not at this bank),business,500 <= ... < 1000 DM ,... < 1 year ,male : single,co-applicant,"if not A121/A122 : car or other, not in attribute 6",none,own,2.0,unskilled - resident,1.0,"yes, registered under the customers name ",no,N,4.0,250.0,4.0,1.0,19.0,no checking account,critical account/ other credits existing (not at this bank),business,500 <= ... < 1000 DM ,... < 1 year ,male : single,co-applicant,"if not A121/A122 : car or other, not in attribute 6",none,own,2.0,unskilled - resident,1.0,"yes, registered under the customers name ",no,N,244.77373695373532,Y,Y,Y
0,0,0.4705882352941176,0.3651920325740068,1.0,0.6666666666666667,0.1785714285714285,< 0 DM,delay in paying off in the past,(vacation - does not exist?),... < 100 DM,1 <= ... < 4 years,male : single,none,if not A121 : building society savings agreement/ life insurance,stores,own,1,skilled employee / official,1,"yes, registered under the customers name ",yes,Y,36.0,6887.0,4.0,3.0,29.0,< 0 DM,delay in paying off in the past,(vacation - does not exist?),... < 100 DM,1 <= ... < 4 years,male : single,none,if not A121 : building society savings agreement/ life insurance,stores,own,1,skilled employee / official,1,"yes, registered under the customers name ",yes,Y,0.0,0.0,1.0,0.0,0.0,no checking account,critical account/ other credits existing (not at this bank),business,500 <= ... < 1000 DM ,... < 1 year ,male : single,co-applicant,"if not A121/A122 : car or other, not in attribute 6",none,own,2.0,unskilled - resident,1.0,"yes, registered under the customers name ",no,N,4.0,250.0,4.0,1.0,19.0,no checking account,critical account/ other credits existing (not at this bank),business,500 <= ... < 1000 DM ,... < 1 year ,male : single,co-applicant,"if not A121/A122 : car or other, not in attribute 6",none,own,2.0,unskilled - resident,1.0,"yes, registered under the customers name ",no,N,258.90355038642883,Y,Y,Y
0,0,0.4705882352941176,0.3651920325740068,1.0,0.6666666666666667,0.1785714285714285,< 0 DM,delay in paying off in the past,(vacation - does not exist?),... < 100 DM,1 <= ... < 4 years,male : single,none,if not A121 : building society savings agreement/ life insurance,stores,own,1,skilled employee / official,1,"yes, registered under the customers name ",yes,Y,36.0,6887.0,4.0,3.0,29.0,< 0 DM,delay in paying off in the past,(vacation - does not exist?),... < 100 DM,1 <= ... < 4 years,male : single,none,if not A121 : building society savings agreement/ life insurance,stores,own,1,skilled employee / official,1,"yes, registered under the customers name ",yes,Y,0.0,0.0,1.0,0.0,0.0,no checking account,critical account/ other credits existing (not at this bank),business,500 <= ... < 1000 DM ,... < 1 year ,male : single,co-applicant,"if not A121/A122 : car or other, not in attribute 6",none,own,2.0,unskilled - resident,1.0,"yes, registered under the customers name ",no,N,4.0,250.0,4.0,1.0,19.0,no checking account,critical account/ other credits existing (not at this bank),business,500 <= ... < 1000 DM ,... < 1 year ,male : single,co-applicant,"if not A121/A122 : car or other, not in attribute 6",none,own,2.0,unskilled - resident,1.0,"yes, registered under the customers name ",no,N,251.83234691619876,Y,Y,Y
1,0,0.1176470588235294,0.0358754264333663,1.0,1.0,0.0357142857142857,< 0 DM,existing credits paid back duly till now,retraining,... < 100 DM,4 <= ... < 7 years,male : married/widowed,none,if not A121 : building society savings agreement/ life insurance,none,rent,1,skilled employee / official,1,none,yes,N,11.999999999999998,902.0,4.0,4.0,21.0,< 0 DM,existing credits paid back duly till now,retraining,... < 100 DM,4 <= ... < 7 years,male : married/widowed,none,if not A121 : building society savings agreement/ life insurance,none,rent,1,skilled employee / official,1,none,yes,N,,,,,,,,,,,,,,,,,,,,,,,,,,,,,,,,,,,,,,,,,,,236.4258329868317,N,Y,N
1,0,0.1176470588235294,0.0358754264333663,1.0,1.0,0.0357142857142857,< 0 DM,existing credits paid back duly till now,retraining,... < 100 DM,4 <= ... < 7 years,male : married/widowed,none,if not A121 : building society savings agreement/ life insurance,none,rent,1,skilled employee / official,1,none,yes,N,11.999999999999998,902.0,4.0,4.0,21.0,< 0 DM,existing credits paid back duly till now,retraining,... < 100 DM,4 <= ... < 7 years,male : married/widowed,none,if not A121 : building society savings agreement/ life insurance,none,rent,1,skilled employee / official,1,none,yes,N,,,,,,,,,,,,,,,,,,,,,,,,,,,,,,,,,,,,,,,,,,,246.3598473072052,N,Y,N
1,0,0.1176470588235294,0.0358754264333663,1.0,1.0,0.0357142857142857,< 0 DM,existing credits paid back duly till now,retraining,... < 100 DM,4 <= ... < 7 years,male : married/widowed,none,if not A121 : building society savings agreement/ life insurance,none,rent,1,skilled employee / official,1,none,yes,N,11.999999999999998,902.0,4.0,4.0,21.0,< 0 DM,existing credits paid back duly till now,retraining,... < 100 DM,4 <= ... < 7 years,male : married/widowed,none,if not A121 : building society savings agreement/ life insurance,none,rent,1,skilled employee / official,1,none,yes,N,,,,,,,,,,,,,,,,,,,,,,,,,,,,,,,,,,,,,,,,,,,246.81575798988345,N,Y,N
1,0,0.1176470588235294,0.0358754264333663,1.0,1.0,0.0357142857142857,< 0 DM,existing credits paid back duly till now,retraining,... < 100 DM,4 <= ... < 7 years,male : married/widowed,none,if not A121 : building society savings agreement/ life insurance,none,rent,1,skilled employee / official,1,none,yes,N,11.999999999999998,902.0,4.0,4.0,21.0,< 0 DM,existing credits paid back duly till now,retraining,... < 100 DM,4 <= ... < 7 years,male : married/widowed,none,if not A121 : building society savings agreement/ life insurance,none,rent,1,skilled employee / official,1,none,yes,N,,,,,,,,,,,,,,,,,,,,,,,,,,,,,,,,,,,,,,,,,,,256.164146900177,N,Y,N
1,0,0.1176470588235294,0.0358754264333663,1.0,1.0,0.0357142857142857,< 0 DM,existing credits paid back duly till now,retraining,... < 100 DM,4 <= ... < 7 years,male : married/widowed,none,if not A121 : building society savings agreement/ life insurance,none,rent,1,skilled employee / official,1,none,yes,N,11.999999999999998,902.0,4.0,4.0,21.0,< 0 DM,existing credits paid back duly till now,retraining,... < 100 DM,4 <= ... < 7 years,male : married/widowed,none,if not A121 : building society savings agreement/ life insurance,none,rent,1,skilled employee / official,1,none,yes,N,,,,,,,,,,,,,,,,,,,,,,,,,,,,,,,,,,,,,,,,,,,249.1368811130524,N,Y,N
2,0,0.2941176470588235,0.1146142841421811,1.0,0.3333333333333333,0.1785714285714285,0 <= ... < 200 DM,delay in paying off in the past,radio/television,unknown/ no savings account,... < 1 year ,male : single,none,if not A121 : building society savings agreement/ life insurance,bank,own,1,unskilled - resident,1,none,yes,N,24.0,2333.0,4.0,2.0,29.0,0 <= ... < 200 DM,delay in paying off in the past,radio/television,unknown/ no savings account,... < 1 year ,male : single,none,if not A121 : building society savings agreement/ life insurance,bank,own,1,unskilled - resident,1,none,yes,N,,,,,,,,,,,,,,,,,,,,,,,,,,,,,,,,,,,,,,,,,,,240.3434908390045,N,N,N
2,0,0.2941176470588235,0.1146142841421811,1.0,0.3333333333333333,0.1785714285714285,0 <= ... < 200 DM,delay in paying off in the past,radio/television,unknown/ no savings account,... < 1 year ,male : single,none,if not A121 : building society savings agreement/ life insurance,bank,own,1,unskilled - resident,1,none,yes,N,24.0,2333.0,4.0,2.0,29.0,0 <= ... < 200 DM,delay in paying off in the past,radio/television,unknown/ no savings account,... < 1 year ,male : single,none,if not A121 : building society savings agreement/ life insurance,bank,own,1,unskilled - resident,1,none,yes,N,,,,,,,,,,,,,,,,,,,,,,,,,,,,,,,,,,,,,,,,,,,243.70010805130005,N,N,N
2,0,0.2941176470588235,0.1146142841421811,1.0,0.3333333333333333,0.1785714285714285,0 <= ... < 200 DM,delay in paying off in the past,radio/television,unknown/ no savings account,... < 1 year ,male : single,none,if not A121 : building society savings agreement/ life insurance,bank,own,1,unskilled - resident,1,none,yes,N,24.0,2333.0,4.0,2.0,29.0,0 <= ... < 200 DM,delay in paying off in the past,radio/television,unknown/ no savings account,... < 1 year ,male : single,none,if not A121 : building society savings agreement/ life insurance,bank,own,1,unskilled - resident,1,none,yes,N,,,,,,,,,,,,,,,,,,,,,,,,,,,,,,,,,,,,,,,,,,,246.9500207901001,N,N,N
2,0,0.2941176470588235,0.1146142841421811,1.0,0.3333333333333333,0.1785714285714285,0 <= ... < 200 DM,delay in paying off in the past,radio/television,unknown/ no savings account,... < 1 year ,male : single,none,if not A121 : building society savings agreement/ life insurance,bank,own,1,unskilled - resident,1,none,yes,N,24.0,2333.0,4.0,2.0,29.0,0 <= ... < 200 DM,delay in paying off in the past,radio/television,unknown/ no savings account,... < 1 year ,male : single,none,if not A121 : building society savings agreement/ life insurance,bank,own,1,unskilled - resident,1,none,yes,N,,,,,,,,,,,,,,,,,,,,,,,,,,,,,,,,,,,,,,,,,,,254.59496092796329,N,N,N
2,0,0.2941176470588235,0.1146142841421811,1.0,0.3333333333333333,0.1785714285714285,0 <= ... < 200 DM,delay in paying off in the past,radio/television,unknown/ no savings account,... < 1 year ,male : single,none,if not A121 : building society savings agreement/ life insurance,bank,own,1,unskilled - resident,1,none,yes,N,24.0,2333.0,4.0,2.0,29.0,0 <= ... < 200 DM,delay in paying off in the past,radio/television,unknown/ no savings account,... < 1 year ,male : single,none,if not A121 : building society savings agreement/ life insurance,bank,own,1,unskilled - resident,1,none,yes,N,,,,,,,,,,,,,,,,,,,,,,,,,,,,,,,,,,,,,,,,,,,250.30971503257751,N,N,N
3,0,0.2058823529411764,0.0984373280510619,0.0,1.0,0.0178571428571428,< 0 DM,existing credits paid back duly till now,radio/television,... < 100 DM,1 <= ... < 4 years,female : divorced/separated/married,none,real estate,bank,rent,1,skilled employee / official,1,none,yes,Y,18.0,2039.0,1.0,4.0,20.0,< 0 DM,existing credits paid back duly till now,radio/television,... < 100 DM,1 <= ... < 4 years,female : divorced/separated/married,none,real estate,bank,rent,1,skilled employee / official,1,none,yes,Y,0.0,0.0,0.0,1.0,0.0,no checking account,critical account/ other credits existing (not at this bank),business,500 <= ... < 1000 DM ,... < 1 year ,male : single,co-applicant,"if not A121/A122 : car or other, not in attribute 6",none,own,2.0,unskilled - resident,1.0,"yes, registered under the customers name ",no,N,4.0,250.0,1.0,4.0,19.0,no checking account,critical account/ other credits existing (not at this bank),business,500 <= ... < 1000 DM ,... < 1 year ,male : single,co-applicant,"if not A121/A122 : car or other, not in attribute 6",none,own,2.0,unskilled - resident,1.0,"yes, registered under the customers name ",no,N,239.20996403694156,Y,Y,Y
3,0,0.2058823529411764,0.0984373280510619,0.0,1.0,0.0178571428571428,< 0 DM,existing credits paid back duly till now,radio/television,... < 100 DM,1 <= ... < 4 years,female : divorced/separated/married,none,real estate,bank,rent,1,skilled employee / official,1,none,yes,Y,18.0,2039.0,1.0,4.0,20.0,< 0 DM,existing credits paid back duly till now,radio/television,... < 100 DM,1 <= ... < 4 years,female : divorced/separated/married,none,real estate,bank,rent,1,skilled employee / official,1,none,yes,Y,0.0,0.0,0.0,1.0,0.0,no checking account,critical account/ other credits existing (not at this bank),business,500 <= ... < 1000 DM ,... < 1 year ,male : single,co-applicant,"if not A121/A122 : car or other, not in attribute 6",none,own,2.0,unskilled - resident,1.0,"yes, registered under the customers name ",no,N,4.0,250.0,1.0,4.0,19.0,no checking account,critical account/ other credits existing (not at this bank),business,500 <= ... < 1000 DM ,... < 1 year ,male : single,co-applicant,"if not A121/A122 : car or other, not in attribute 6",none,own,2.0,unskilled - resident,1.0,"yes, registered under the customers name ",no,N,244.9314742088318,Y,Y,Y
3,0,0.2058823529411764,0.0984373280510619,0.0,1.0,0.0178571428571428,< 0 DM,existing credits paid back duly till now,radio/television,... < 100 DM,1 <= ... < 4 years,female : divorced/separated/married,none,real estate,bank,rent,1,skilled employee / official,1,none,yes,Y,18.0,2039.0,1.0,4.0,20.0,< 0 DM,existing credits paid back duly till now,radio/television,... < 100 DM,1 <= ... < 4 years,female : divorced/separated/married,none,real estate,bank,rent,1,skilled employee / official,1,none,yes,Y,0.0,0.0,0.0,1.0,0.0,no checking account,critical account/ other credits existing (not at this bank),business,500 <= ... < 1000 DM ,... < 1 year ,male : single,co-applicant,"if not A121/A122 : car or other, not in attribute 6",none,own,2.0,unskilled - resident,1.0,"yes, registered under the customers name ",no,N,4.0,250.0,1.0,4.0,19.0,no checking account,critical account/ other credits existing (not at this bank),business,500 <= ... < 1000 DM ,... < 1 year ,male : single,co-applicant,"if not A121/A122 : car or other, not in attribute 6",none,own,2.0,unskilled - resident,1.0,"yes, registered under the customers name ",no,N,247.60058093070984,Y,Y,Y
3,0,0.2058823529411764,0.0984373280510619,0.0,1.0,0.0178571428571428,< 0 DM,existing credits paid back duly till now,radio/television,... < 100 DM,1 <= ... < 4 years,female : divorced/separated/married,none,real estate,bank,rent,1,skilled employee / official,1,none,yes,Y,18.0,2039.0,1.0,4.0,20.0,< 0 DM,existing credits paid back duly till now,radio/television,... < 100 DM,1 <= ... < 4 years,female : divorced/separated/married,none,real estate,bank,rent,1,skilled employee / official,1,none,yes,Y,0.0,0.0,0.0,1.0,0.0,no checking account,critical account/ other credits existing (not at this bank),business,500 <= ... < 1000 DM ,... < 1 year ,male : single,co-applicant,"if not A121/A122 : car or other, not in attribute 6",none,own,2.0,unskilled - resident,1.0,"yes, registered under the customers name ",no,N,4.0,250.0,1.0,4.0,19.0,no checking account,critical account/ other credits existing (not at this bank),business,500 <= ... < 1000 DM ,... < 1 year ,male : single,co-applicant,"if not A121/A122 : car or other, not in attribute 6",none,own,2.0,unskilled - resident,1.0,"yes, registered under the customers name ",no,N,255.80694699287412,Y,Y,Y
3,0,0.2058823529411764,0.0984373280510619,0.0,1.0,0.0178571428571428,< 0 DM,existing credits paid back duly till now,radio/television,... < 100 DM,1 <= ... < 4 years,female : divorced/separated/married,none,real estate,bank,rent,1,skilled employee / official,1,none,yes,Y,18.0,2039.0,1.0,4.0,20.0,< 0 DM,existing credits paid back duly till now,radio/television,... < 100 DM,1 <= ... < 4 years,female : divorced/separated/married,none,real estate,bank,rent,1,skilled employee / official,1,none,yes,Y,0.0,0.0,0.0,1.0,0.0,no checking account,critical account/ other credits existing (not at this bank),business,500 <= ... < 1000 DM ,... < 1 year ,male : single,co-applicant,"if not A121/A122 : car or other, not in attribute 6",none,own,2.0,unskilled - resident,1.0,"yes, registered under the customers name ",no,N,4.0,250.0,1.0,4.0,19.0,no checking account,critical account/ other credits existing (not at this bank),business,500 <= ... < 1000 DM ,... < 1 year ,male : single,co-applicant,"if not A121/A122 : car or other, not in attribute 6",none,own,2.0,unskilled - resident,1.0,"yes, registered under the customers name ",no,N,246.9147040843964,Y,Y,Y
4,0,0.1617647058823529,0.1363486299108617,1.0,0.3333333333333333,0.2857142857142857,0 <= ... < 200 DM,critical account/ other credits existing (not at this bank),domestic appliances,unknown/ no savings account,4 <= ... < 7 years,male : single,guarantor,real estate,bank,own,3,skilled employee / official,1,"yes, registered under the customers name ",yes,N,15.0,2728.0,4.0,2.0,35.0,0 <= ... < 200 DM,critical account/ other credits existing (not at this bank),domestic appliances,unknown/ no savings account,4 <= ... < 7 years,male : single,guarantor,real estate,bank,own,3,skilled employee / official,1,"yes, registered under the customers name ",yes,N,,,,,,,,,,,,,,,,,,,,,,,,,,,,,,,,,,,,,,,,,,,240.22008609771729,N,N,N
4,0,0.1617647058823529,0.1363486299108617,1.0,0.3333333333333333,0.2857142857142857,0 <= ... < 200 DM,critical account/ other credits existing (not at this bank),domestic appliances,unknown/ no savings account,4 <= ... < 7 years,male : single,guarantor,real estate,bank,own,3,skilled employee / official,1,"yes, registered under the customers name ",yes,N,15.0,2728.0,4.0,2.0,35.0,0 <= ... < 200 DM,critical account/ other credits existing (not at this bank),domestic appliances,unknown/ no savings account,4 <= ... < 7 years,male : single,guarantor,real estate,bank,own,3,skilled employee / official,1,"yes, registered under the customers name ",yes,N,,,,,,,,,,,,,,,,,,,,,,,,,,,,,,,,,,,,,,,,,,,247.9663300514221,N,N,N
4,0,0.1617647058823529,0.1363486299108617,1.0,0.3333333333333333,0.2857142857142857,0 <= ... < 200 DM,critical account/ other credits existing (not at this bank),domestic appliances,unknown/ no savings account,4 <= ... < 7 years,male : single,guarantor,real estate,bank,own,3,skilled employee / official,1,"yes, registered under the customers name ",yes,N,15.0,2728.0,4.0,2.0,35.0,0 <= ... < 200 DM,critical account/ other credits existing (not at this bank),domestic appliances,unknown/ no savings account,4 <= ... < 7 years,male : single,guarantor,real estate,bank,own,3,skilled employee / official,1,"yes, registered under the customers name ",yes,N,,,,,,,,,,,,,,,,,,,,,,,,,,,,,,,,,,,,,,,,,,,246.82139015197757,N,N,N
4,0,0.1617647058823529,0.1363486299108617,1.0,0.3333333333333333,0.2857142857142857,0 <= ... < 200 DM,critical account/ other credits existing (not at this bank),domestic appliances,unknown/ no savings account,4 <= ... < 7 years,male : single,guarantor,real estate,bank,own,3,skilled employee / official,1,"yes, registered under the customers name ",yes,N,15.0,2728.0,4.0,2.0,35.0,0 <= ... < 200 DM,critical account/ other credits existing (not at this bank),domestic appliances,unknown/ no savings account,4 <= ... < 7 years,male : single,guarantor,real estate,bank,own,3,skilled employee / official,1,"yes, registered under the customers name ",yes,N,,,,,,,,,,,,,,,,,,,,,,,,,,,,,,,,,,,,,,,,,,,256.58693194389343,N,N,N
4,0,0.1617647058823529,0.1363486299108617,1.0,0.3333333333333333,0.2857142857142857,0 <= ... < 200 DM,critical account/ other credits existing (not at this bank),domestic appliances,unknown/ no savings account,4 <= ... < 7 years,male : single,guarantor,real estate,bank,own,3,skilled employee / official,1,"yes, registered under the customers name ",yes,N,15.0,2728.0,4.0,2.0,35.0,0 <= ... < 200 DM,critical account/ other credits existing (not at this bank),domestic appliances,unknown/ no savings account,4 <= ... < 7 years,male : single,guarantor,real estate,bank,own,3,skilled employee / official,1,"yes, registered under the customers name ",yes,N,,,,,,,,,,,,,,,,,,,,,,,,,,,,,,,,,,,,,,,,,,,246.2775518894196,N,N,N
5,0,0.1617647058823529,0.0656982502476064,1.0,0.0,0.0714285714285714,0 <= ... < 200 DM,existing credits paid back duly till now,domestic appliances,unknown/ no savings account,... < 1 year ,male : single,none,if not A121 : building society savings agreement/ life insurance,none,own,1,skilled employee / official,1,none,yes,N,15.0,1444.0,4.0,1.0,23.0,0 <= ... < 200 DM,existing credits paid back duly till now,domestic appliances,unknown/ no savings account,... < 1 year ,male : single,none,if not A121 : building society savings agreement/ life insurance,none,own,1,skilled employee / official,1,none,yes,N,,,,,,,,,,,,,,,,,,,,,,,,,,,,,,,,,,,,,,,,,,,240.60108399391171,N,N,N
5,0,0.1617647058823529,0.0656982502476064,1.0,0.0,0.0714285714285714,0 <= ... < 200 DM,existing credits paid back duly till now,domestic appliances,unknown/ no savings account,... < 1 year ,male : single,none,if not A121 : building society savings agreement/ life insurance,none,own,1,skilled employee / official,1,none,yes,N,15.0,1444.0,4.0,1.0,23.0,0 <= ... < 200 DM,existing credits paid back duly till now,domestic appliances,unknown/ no savings account,... < 1 year ,male : single,none,if not A121 : building society savings agreement/ life insurance,none,own,1,skilled employee / official,1,none,yes,N,,,,,,,,,,,,,,,,,,,,,,,,,,,,,,,,,,,,,,,,,,,246.122761964798,N,N,N
5,0,0.1617647058823529,0.0656982502476064,1.0,0.0,0.0714285714285714,0 <= ... < 200 DM,existing credits paid back duly till now,domestic appliances,unknown/ no savings account,... < 1 year ,male : single,none,if not A121 : building society savings agreement/ life insurance,none,own,1,skilled employee / official,1,none,yes,N,15.0,1444.0,4.0,1.0,23.0,0 <= ... < 200 DM,existing credits paid back duly till now,domestic appliances,unknown/ no savings account,... < 1 year ,male : single,none,if not A121 : building society savings agreement/ life insurance,none,own,1,skilled employee / official,1,none,yes,N,,,,,,,,,,,,,,,,,,,,,,,,,,,,,,,,,,,,,,,,,,,248.8612401485443,N,N,N
5,0,0.1617647058823529,0.0656982502476064,1.0,0.0,0.0714285714285714,0 <= ... < 200 DM,existing credits paid back duly till now,domestic appliances,unknown/ no savings account,... < 1 year ,male : single,none,if not A121 : building society savings agreement/ life insurance,none,own,1,skilled employee / official,1,none,yes,N,15.0,1444.0,4.0,1.0,23.0,0 <= ... < 200 DM,existing credits paid back duly till now,domestic appliances,unknown/ no savings account,... < 1 year ,male : single,none,if not A121 : building society savings agreement/ life insurance,none,own,1,skilled employee / official,1,none,yes,N,,,,,,,,,,,,,,,,,,,,,,,,,,,,,,,,,,,,,,,,,,,256.0610308647156,N,N,N
5,0,0.1617647058823529,0.0656982502476064,1.0,0.0,0.0714285714285714,0 <= ... < 200 DM,existing credits paid back duly till now,domestic appliances,unknown/ no savings account,... < 1 year ,male : single,none,if not A121 : building society savings agreement/ life insurance,none,own,1,skilled employee / official,1,none,yes,N,15.0,1444.0,4.0,1.0,23.0,0 <= ... < 200 DM,existing credits paid back duly till now,domestic appliances,unknown/ no savings account,... < 1 year ,male : single,none,if not A121 : building society savings agreement/ life insurance,none,own,1,skilled employee / official,1,none,yes,N,,,,,,,,,,,,,,,,,,,,,,,,,,,,,,,,,,,,,,,,,,,248.29076385498047,N,N,N
6,0,0.4705882352941176,0.2323649169142731,1.0,0.3333333333333333,0.2142857142857142,>= 200 DM / salary assignments for at least 1 year,existing credits paid back duly till now,domestic appliances,... < 100 DM,.. >= 7 years,male : single,none,"if not A121/A122 : car or other, not in attribute 6",none,own,1,skilled employee / official,1,none,yes,N,36.0,4473.0,4.0,2.0,31.0,>= 200 DM / salary assignments for at least 1 year,existing credits paid back duly till now,domestic appliances,... < 100 DM,.. >= 7 years,male : single,none,"if not A121/A122 : car or other, not in attribute 6",none,own,1,skilled employee / official,1,none,yes,N,,,,,,,,,,,,,,,,,,,,,,,,,,,,,,,,,,,,,,,,,,,241.5700821876526,N,N,N
6,0,0.4705882352941176,0.2323649169142731,1.0,0.3333333333333333,0.2142857142857142,>= 200 DM / salary assignments for at least 1 year,existing credits paid back duly till now,domestic appliances,... < 100 DM,.. >= 7 years,male : single,none,"if not A121/A122 : car or other, not in attribute 6",none,own,1,skilled employee / official,1,none,yes,N,36.0,4473.0,4.0,2.0,31.0,>= 200 DM / salary assignments for at least 1 year,existing credits paid back duly till now,domestic appliances,... < 100 DM,.. >= 7 years,male : single,none,"if not A121/A122 : car or other, not in attribute 6",none,own,1,skilled employee / official,1,none,yes,N,,,,,,,,,,,,,,,,,,,,,,,,,,,,,,,,,,,,,,,,,,,248.25074410438535,N,N,N
6,0,0.4705882352941176,0.2323649169142731,1.0,0.3333333333333333,0.2142857142857142,>= 200 DM / salary assignments for at least 1 year,existing credits paid back duly till now,domestic appliances,... < 100 DM,.. >= 7 years,male : single,none,"if not A121/A122 : car or other, not in attribute 6",none,own,1,skilled employee / official,1,none,yes,N,36.0,4473.0,4.0,2.0,31.0,>= 200 DM / salary assignments for at least 1 year,existing credits paid back duly till now,domestic appliances,... < 100 DM,.. >= 7 years,male : single,none,"if not A121/A122 : car or other, not in attribute 6",none,own,1,skilled employee / official,1,none,yes,N,,,,,,,,,,,,,,,,,,,,,,,,,,,,,,,,,,,,,,,,,,,250.07199597358704,N,N,N
6,0,0.4705882352941176,0.2323649169142731,1.0,0.3333333333333333,0.2142857142857142,>= 200 DM / salary assignments for at least 1 year,existing credits paid back duly till now,domestic appliances,... < 100 DM,.. >= 7 years,male : single,none,"if not A121/A122 : car or other, not in attribute 6",none,own,1,skilled employee / official,1,none,yes,N,36.0,4473.0,4.0,2.0,31.0,>= 200 DM / salary assignments for at least 1 year,existing credits paid back duly till now,domestic appliances,... < 100 DM,.. >= 7 years,male : single,none,"if not A121/A122 : car or other, not in attribute 6",none,own,1,skilled employee / official,1,none,yes,N,,,,,,,,,,,,,,,,,,,,,,,,,,,,,,,,,,,,,,,,,,,254.67796301841736,N,N,N
6,0,0.4705882352941176,0.2323649169142731,1.0,0.3333333333333333,0.2142857142857142,>= 200 DM / salary assignments for at least 1 year,existing credits paid back duly till now,domestic appliances,... < 100 DM,.. >= 7 years,male : single,none,"if not A121/A122 : car or other, not in attribute 6",none,own,1,skilled employee / official,1,none,yes,N,36.0,4473.0,4.0,2.0,31.0,>= 200 DM / salary assignments for at least 1 year,existing credits paid back duly till now,domestic appliances,... < 100 DM,.. >= 7 years,male : single,none,"if not A121/A122 : car or other, not in attribute 6",none,own,1,skilled employee / official,1,none,yes,N,,,,,,,,,,,,,,,,,,,,,,,,,,,,,,,,,,,,,,,,,,,250.4112548828125,N,N,N
7,0,0.1617647058823529,0.0809398041157697,0.3333333333333333,0.6666666666666667,0.3035714285714285,< 0 DM,existing credits paid back duly till now,car (new),... < 100 DM,... < 1 year ,male : single,none,real estate,none,own,1,skilled employee / official,1,none,yes,N,15.0,1721.0,2.0,3.0,36.0,< 0 DM,existing credits paid back duly till now,car (new),... < 100 DM,... < 1 year ,male : single,none,real estate,none,own,1,skilled employee / official,1,none,yes,N,,,,,,,,,,,,,,,,,,,,,,,,,,,,,,,,,,,,,,,,,,,247.07061409950256,N,N,N
7,0,0.1617647058823529,0.0809398041157697,0.3333333333333333,0.6666666666666667,0.3035714285714285,< 0 DM,existing credits paid back duly till now,car (new),... < 100 DM,... < 1 year ,male : single,none,real estate,none,own,1,skilled employee / official,1,none,yes,N,15.0,1721.0,2.0,3.0,36.0,< 0 DM,existing credits paid back duly till now,car (new),... < 100 DM,... < 1 year ,male : single,none,real estate,none,own,1,skilled employee / official,1,none,yes,N,,,,,,,,,,,,,,,,,,,,,,,,,,,,,,,,,,,,,,,,,,,248.2369389533997,N,N,N
7,0,0.1617647058823529,0.0809398041157697,0.3333333333333333,0.6666666666666667,0.3035714285714285,< 0 DM,existing credits paid back duly till now,car (new),... < 100 DM,... < 1 year ,male : single,none,real estate,none,own,1,skilled employee / official,1,none,yes,N,15.0,1721.0,2.0,3.0,36.0,< 0 DM,existing credits paid back duly till now,car (new),... < 100 DM,... < 1 year ,male : single,none,real estate,none,own,1,skilled employee / official,1,none,yes,N,,,,,,,,,,,,,,,,,,,,,,,,,,,,,,,,,,,,,,,,,,,250.3427920341492,N,N,N
7,0,0.1617647058823529,0.0809398041157697,0.3333333333333333,0.6666666666666667,0.3035714285714285,< 0 DM,existing credits paid back duly till now,car (new),... < 100 DM,... < 1 year ,male : single,none,real estate,none,own,1,skilled employee / official,1,none,yes,N,15.0,1721.0,2.0,3.0,36.0,< 0 DM,existing credits paid back duly till now,car (new),... < 100 DM,... < 1 year ,male : single,none,real estate,none,own,1,skilled employee / official,1,none,yes,N,,,,,,,,,,,,,,,,,,,,,,,,,,,,,,,,,,,,,,,,,,,255.717755317688,N,N,N
7,0,0.1617647058823529,0.0809398041157697,0.3333333333333333,0.6666666666666667,0.3035714285714285,< 0 DM,existing credits paid back duly till now,car (new),... < 100 DM,... < 1 year ,male : single,none,real estate,none,own,1,skilled employee / official,1,none,yes,N,15.0,1721.0,2.0,3.0,36.0,< 0 DM,existing credits paid back duly till now,car (new),... < 100 DM,... < 1 year ,male : single,none,real estate,none,own,1,skilled employee / official,1,none,yes,N,,,,,,,,,,,,,,,,,,,,,,,,,,,,,,,,,,,,,,,,,,,250.3869788646698,N,N,N
8,0,0.2941176470588235,0.3643666776713987,0.3333333333333333,0.0,0.6428571428571428,< 0 DM,all credits at this bank paid back duly,radio/television,... < 100 DM,... < 1 year ,male : divorced/separated,none,if not A121 : building society savings agreement/ life insurance,bank,own,1,skilled employee / official,1,"yes, registered under the customers name ",yes,Y,24.0,6872.000000000001,2.0,1.0,54.99999999999999,< 0 DM,all credits at this bank paid back duly,radio/television,... < 100 DM,... < 1 year ,male : divorced/separated,none,if not A121 : building society savings agreement/ life insurance,bank,own,1,skilled employee / official,1,"yes, registered under the customers name ",yes,Y,0.0,0.0,0.0,0.0,0.0,no checking account,critical account/ other credits existing (not at this bank),business,500 <= ... < 1000 DM ,... < 1 year ,male : single,co-applicant,"if not A121/A122 : car or other, not in attribute 6",none,own,2.0,unskilled - resident,1.0,"yes, registered under the customers name ",no,N,4.0,250.0,1.0,1.0,19.0,no checking account,critical account/ other credits existing (not at this bank),business,500 <= ... < 1000 DM ,... < 1 year ,male : single,co-applicant,"if not A121/A122 : car or other, not in attribute 6",none,own,2.0,unskilled - resident,1.0,"yes, registered under the customers name ",no,N,247.5402591228485,Y,Y,Y
8,0,0.2941176470588235,0.3643666776713987,0.3333333333333333,0.0,0.6428571428571428,< 0 DM,all credits at this bank paid back duly,radio/television,... < 100 DM,... < 1 year ,male : divorced/separated,none,if not A121 : building society savings agreement/ life insurance,bank,own,1,skilled employee / official,1,"yes, registered under the customers name ",yes,Y,24.0,6872.000000000001,2.0,1.0,54.99999999999999,< 0 DM,all credits at this bank paid back duly,radio/television,... < 100 DM,... < 1 year ,male : divorced/separated,none,if not A121 : building society savings agreement/ life insurance,bank,own,1,skilled employee / official,1,"yes, registered under the customers name ",yes,Y,0.0,0.0,0.0,0.0,0.0,no checking account,critical account/ other credits existing (not at this bank),business,500 <= ... < 1000 DM ,... < 1 year ,male : single,co-applicant,"if not A121/A122 : car or other, not in attribute 6",none,own,2.0,unskilled - resident,1.0,"yes, registered under the customers name ",no,N,4.0,250.0,1.0,1.0,19.0,no checking account,critical account/ other credits existing (not at this bank),business,500 <= ... < 1000 DM ,... < 1 year ,male : single,co-applicant,"if not A121/A122 : car or other, not in attribute 6",none,own,2.0,unskilled - resident,1.0,"yes, registered under the customers name ",no,N,246.43652510643005,Y,Y,Y
8,0,0.2941176470588235,0.3643666776713987,0.3333333333333333,0.0,0.6428571428571428,< 0 DM,all credits at this bank paid back duly,radio/television,... < 100 DM,... < 1 year ,male : divorced/separated,none,if not A121 : building society savings agreement/ life insurance,bank,own,1,skilled employee / official,1,"yes, registered under the customers name ",yes,Y,24.0,6872.000000000001,2.0,1.0,54.99999999999999,< 0 DM,all credits at this bank paid back duly,radio/television,... < 100 DM,... < 1 year ,male : divorced/separated,none,if not A121 : building society savings agreement/ life insurance,bank,own,1,skilled employee / official,1,"yes, registered under the customers name ",yes,Y,0.0,0.0,0.0,0.0,0.0,no checking account,critical account/ other credits existing (not at this bank),business,500 <= ... < 1000 DM ,... < 1 year ,male : single,co-applicant,"if not A121/A122 : car or other, not in attribute 6",none,own,2.0,unskilled - resident,1.0,"yes, registered under the customers name ",no,N,4.0,250.0,1.0,1.0,19.0,no checking account,critical account/ other credits existing (not at this bank),business,500 <= ... < 1000 DM ,... < 1 year ,male : single,co-applicant,"if not A121/A122 : car or other, not in attribute 6",none,own,2.0,unskilled - resident,1.0,"yes, registered under the customers name ",no,N,249.2960741519928,Y,Y,Y
8,0,0.2941176470588235,0.3643666776713987,0.3333333333333333,0.0,0.6428571428571428,< 0 DM,all credits at this bank paid back duly,radio/television,... < 100 DM,... < 1 year ,male : divorced/separated,none,if not A121 : building society savings agreement/ life insurance,bank,own,1,skilled employee / official,1,"yes, registered under the customers name ",yes,Y,24.0,6872.000000000001,2.0,1.0,54.99999999999999,< 0 DM,all credits at this bank paid back duly,radio/television,... < 100 DM,... < 1 year ,male : divorced/separated,none,if not A121 : building society savings agreement/ life insurance,bank,own,1,skilled employee / official,1,"yes, registered under the customers name ",yes,Y,0.0,0.0,0.0,0.0,0.0,no checking account,critical account/ other credits existing (not at this bank),business,500 <= ... < 1000 DM ,... < 1 year ,male : single,co-applicant,"if not A121/A122 : car or other, not in attribute 6",none,own,2.0,unskilled - resident,1.0,"yes, registered under the customers name ",no,N,4.0,250.0,1.0,1.0,19.0,no checking account,critical account/ other credits existing (not at this bank),business,500 <= ... < 1000 DM ,... < 1 year ,male : single,co-applicant,"if not A121/A122 : car or other, not in attribute 6",none,own,2.0,unskilled - resident,1.0,"yes, registered under the customers name ",no,N,255.8489029407501,Y,Y,Y
8,0,0.2941176470588235,0.3643666776713987,0.3333333333333333,0.0,0.6428571428571428,< 0 DM,all credits at this bank paid back duly,radio/television,... < 100 DM,... < 1 year ,male : divorced/separated,none,if not A121 : building society savings agreement/ life insurance,bank,own,1,skilled employee / official,1,"yes, registered under the customers name ",yes,Y,24.0,6872.000000000001,2.0,1.0,54.99999999999999,< 0 DM,all credits at this bank paid back duly,radio/television,... < 100 DM,... < 1 year ,male : divorced/separated,none,if not A121 : building society savings agreement/ life insurance,bank,own,1,skilled employee / official,1,"yes, registered under the customers name ",yes,Y,0.0,0.0,0.0,0.0,0.0,no checking account,critical account/ other credits existing (not at this bank),business,500 <= ... < 1000 DM ,... < 1 year ,male : single,co-applicant,"if not A121/A122 : car or other, not in attribute 6",none,own,2.0,unskilled - resident,1.0,"yes, registered under the customers name ",no,N,4.0,250.0,1.0,1.0,19.0,no checking account,critical account/ other credits existing (not at this bank),business,500 <= ... < 1000 DM ,... < 1 year ,male : single,co-applicant,"if not A121/A122 : car or other, not in attribute 6",none,own,2.0,unskilled - resident,1.0,"yes, registered under the customers name ",no,N,246.82624292373657,Y,Y,Y
9,0,0.1617647058823529,0.0675690546935182,1.0,1.0,0.4464285714285714,< 0 DM,critical account/ other credits existing (not at this bank),radio/television,... < 100 DM,.. >= 7 years,male : single,none,"if not A121/A122 : car or other, not in attribute 6",none,own,2,skilled employee / official,2,"yes, registered under the customers name ",yes,N,15.0,1478.0,4.0,4.0,44.0,< 0 DM,critical account/ other credits existing (not at this bank),radio/television,... < 100 DM,.. >= 7 years,male : single,none,"if not A121/A122 : car or other, not in attribute 6",none,own,2,skilled employee / official,2,"yes, registered under the customers name ",yes,N,,,,,,,,,,,,,,,,,,,,,,,,,,,,,,,,,,,,,,,,,,,244.92520809173584,N,N,N
9,0,0.1617647058823529,0.0675690546935182,1.0,1.0,0.4464285714285714,< 0 DM,critical account/ other credits existing (not at this bank),radio/television,... < 100 DM,.. >= 7 years,male : single,none,"if not A121/A122 : car or other, not in attribute 6",none,own,2,skilled employee / official,2,"yes, registered under the customers name ",yes,N,15.0,1478.0,4.0,4.0,44.0,< 0 DM,critical account/ other credits existing (not at this bank),radio/television,... < 100 DM,.. >= 7 years,male : single,none,"if not A121/A122 : car or other, not in attribute 6",none,own,2,skilled employee / official,2,"yes, registered under the customers name ",yes,N,,,,,,,,,,,,,,,,,,,,,,,,,,,,,,,,,,,,,,,,,,,246.27939200401303,N,N,N
9,0,0.1617647058823529,0.0675690546935182,1.0,1.0,0.4464285714285714,< 0 DM,critical account/ other credits existing (not at this bank),radio/television,... < 100 DM,.. >= 7 years,male : single,none,"if not A121/A122 : car or other, not in attribute 6",none,own,2,skilled employee / official,2,"yes, registered under the customers name ",yes,N,15.0,1478.0,4.0,4.0,44.0,< 0 DM,critical account/ other credits existing (not at this bank),radio/television,... < 100 DM,.. >= 7 years,male : single,none,"if not A121/A122 : car or other, not in attribute 6",none,own,2,skilled employee / official,2,"yes, registered under the customers name ",yes,N,,,,,,,,,,,,,,,,,,,,,,,,,,,,,,,,,,,,,,,,,,,251.07059907913208,N,N,N
9,0,0.1617647058823529,0.0675690546935182,1.0,1.0,0.4464285714285714,< 0 DM,critical account/ other credits existing (not at this bank),radio/television,... < 100 DM,.. >= 7 years,male : single,none,"if not A121/A122 : car or other, not in attribute 6",none,own,2,skilled employee / official,2,"yes, registered under the customers name ",yes,N,15.0,1478.0,4.0,4.0,44.0,< 0 DM,critical account/ other credits existing (not at this bank),radio/television,... < 100 DM,.. >= 7 years,male : single,none,"if not A121/A122 : car or other, not in attribute 6",none,own,2,skilled employee / official,2,"yes, registered under the customers name ",yes,N,,,,,,,,,,,,,,,,,,,,,,,,,,,,,,,,,,,,,,,,,,,256.558965921402,N,N,N
9,0,0.1617647058823529,0.0675690546935182,1.0,1.0,0.4464285714285714,< 0 DM,critical account/ other credits existing (not at this bank),radio/television,... < 100 DM,.. >= 7 years,male : single,none,"if not A121/A122 : car or other, not in attribute 6",none,own,2,skilled employee / official,2,"yes, registered under the customers name ",yes,N,15.0,1478.0,4.0,4.0,44.0,< 0 DM,critical account/ other credits existing (not at this bank),radio/television,... < 100 DM,.. >= 7 years,male : single,none,"if not A121/A122 : car or other, not in attribute 6",none,own,2,skilled employee / official,2,"yes, registered under the customers name ",yes,N,,,,,,,,,,,,,,,,,,,,,,,,,,,,,,,,,,,,,,,,,,,251.8164279460907,N,N,N
10,0,0.0735294117647058,0.0688345988775173,0.3333333333333333,0.6666666666666667,0.2678571428571428,0 <= ... < 200 DM,critical account/ other credits existing (not at this bank),(vacation - does not exist?),... < 100 DM,.. >= 7 years,female : divorced/separated/married,none,"if not A121/A122 : car or other, not in attribute 6",none,own,2,management/ self-employed/ highly qualified employee/ officer,1,"yes, registered under the customers name ",yes,N,9.0,1501.0,2.0,3.0,34.0,0 <= ... < 200 DM,critical account/ other credits existing (not at this bank),(vacation - does not exist?),... < 100 DM,.. >= 7 years,female : divorced/separated/married,none,"if not A121/A122 : car or other, not in attribute 6",none,own,2,management/ self-employed/ highly qualified employee/ officer,1,"yes, registered under the customers name ",yes,N,,,,,,,,,,,,,,,,,,,,,,,,,,,,,,,,,,,,,,,,,,,244.66660904884336,N,Y,N
10,0,0.0735294117647058,0.0688345988775173,0.3333333333333333,0.6666666666666667,0.2678571428571428,0 <= ... < 200 DM,critical account/ other credits existing (not at this bank),(vacation - does not exist?),... < 100 DM,.. >= 7 years,female : divorced/separated/married,none,"if not A121/A122 : car or other, not in attribute 6",none,own,2,management/ self-employed/ highly qualified employee/ officer,1,"yes, registered under the customers name ",yes,N,9.0,1501.0,2.0,3.0,34.0,0 <= ... < 200 DM,critical account/ other credits existing (not at this bank),(vacation - does not exist?),... < 100 DM,.. >= 7 years,female : divorced/separated/married,none,"if not A121/A122 : car or other, not in attribute 6",none,own,2,management/ self-employed/ highly qualified employee/ officer,1,"yes, registered under the customers name ",yes,N,,,,,,,,,,,,,,,,,,,,,,,,,,,,,,,,,,,,,,,,,,,249.1391987800598,N,Y,N
10,0,0.0735294117647058,0.0688345988775173,0.3333333333333333,0.6666666666666667,0.2678571428571428,0 <= ... < 200 DM,critical account/ other credits existing (not at this bank),(vacation - does not exist?),... < 100 DM,.. >= 7 years,female : divorced/separated/married,none,"if not A121/A122 : car or other, not in attribute 6",none,own,2,management/ self-employed/ highly qualified employee/ officer,1,"yes, registered under the customers name ",yes,N,9.0,1501.0,2.0,3.0,34.0,0 <= ... < 200 DM,critical account/ other credits existing (not at this bank),(vacation - does not exist?),... < 100 DM,.. >= 7 years,female : divorced/separated/married,none,"if not A121/A122 : car or other, not in attribute 6",none,own,2,management/ self-employed/ highly qualified employee/ officer,1,"yes, registered under the customers name ",yes,N,,,,,,,,,,,,,,,,,,,,,,,,,,,,,,,,,,,,,,,,,,,250.05348587036133,N,Y,N
10,0,0.0735294117647058,0.0688345988775173,0.3333333333333333,0.6666666666666667,0.2678571428571428,0 <= ... < 200 DM,critical account/ other credits existing (not at this bank),(vacation - does not exist?),... < 100 DM,.. >= 7 years,female : divorced/separated/married,none,"if not A121/A122 : car or other, not in attribute 6",none,own,2,management/ self-employed/ highly qualified employee/ officer,1,"yes, registered under the customers name ",yes,N,9.0,1501.0,2.0,3.0,34.0,0 <= ... < 200 DM,critical account/ other credits existing (not at this bank),(vacation - does not exist?),... < 100 DM,.. >= 7 years,female : divorced/separated/married,none,"if not A121/A122 : car or other, not in attribute 6",none,own,2,management/ self-employed/ highly qualified employee/ officer,1,"yes, registered under the customers name ",yes,N,,,,,,,,,,,,,,,,,,,,,,,,,,,,,,,,,,,,,,,,,,,257.44164991378784,N,Y,N
10,0,0.0735294117647058,0.0688345988775173,0.3333333333333333,0.6666666666666667,0.2678571428571428,0 <= ... < 200 DM,critical account/ other credits existing (not at this bank),(vacation - does not exist?),... < 100 DM,.. >= 7 years,female : divorced/separated/married,none,"if not A121/A122 : car or other, not in attribute 6",none,own,2,management/ self-employed/ highly qualified employee/ officer,1,"yes, registered under the customers name ",yes,N,9.0,1501.0,2.0,3.0,34.0,0 <= ... < 200 DM,critical account/ other credits existing (not at this bank),(vacation - does not exist?),... < 100 DM,.. >= 7 years,female : divorced/separated/married,none,"if not A121/A122 : car or other, not in attribute 6",none,own,2,management/ self-employed/ highly qualified employee/ officer,1,"yes, registered under the customers name ",yes,N,,,,,,,,,,,,,,,,,,,,,,,,,,,,,,,,,,,,,,,,,,,248.98288416862488,N,Y,N
11,0,0.1176470588235294,0.052272477165181,1.0,1.0,0.0714285714285714,< 0 DM,existing credits paid back duly till now,(vacation - does not exist?),unknown/ no savings account,1 <= ... < 4 years,female : divorced/separated/married,none,if not A121 : building society savings agreement/ life insurance,bank,rent,1,skilled employee / official,1,"yes, registered under the customers name ",yes,Y,11.999999999999998,1200.0,4.0,4.0,23.0,< 0 DM,existing credits paid back duly till now,(vacation - does not exist?),unknown/ no savings account,1 <= ... < 4 years,female : divorced/separated/married,none,if not A121 : building society savings agreement/ life insurance,bank,rent,1,skilled employee / official,1,"yes, registered under the customers name ",yes,Y,0.0,0.0,1.0,1.0,0.0,no checking account,critical account/ other credits existing (not at this bank),business,500 <= ... < 1000 DM ,... < 1 year ,male : single,co-applicant,"if not A121/A122 : car or other, not in attribute 6",none,own,2.0,unskilled - resident,1.0,"yes, registered under the customers name ",no,N,4.0,250.0,4.0,4.0,19.0,no checking account,critical account/ other credits existing (not at this bank),business,500 <= ... < 1000 DM ,... < 1 year ,male : single,co-applicant,"if not A121/A122 : car or other, not in attribute 6",none,own,2.0,unskilled - resident,1.0,"yes, registered under the customers name ",no,N,243.4980506896973,Y,N,Y
11,0,0.1176470588235294,0.052272477165181,1.0,1.0,0.0714285714285714,< 0 DM,existing credits paid back duly till now,(vacation - does not exist?),unknown/ no savings account,1 <= ... < 4 years,female : divorced/separated/married,none,if not A121 : building society savings agreement/ life insurance,bank,rent,1,skilled employee / official,1,"yes, registered under the customers name ",yes,Y,11.999999999999998,1200.0,4.0,4.0,23.0,< 0 DM,existing credits paid back duly till now,(vacation - does not exist?),unknown/ no savings account,1 <= ... < 4 years,female : divorced/separated/married,none,if not A121 : building society savings agreement/ life insurance,bank,rent,1,skilled employee / official,1,"yes, registered under the customers name ",yes,Y,0.0,0.0,1.0,1.0,0.0,no checking account,critical account/ other credits existing (not at this bank),business,500 <= ... < 1000 DM ,... < 1 year ,male : single,co-applicant,"if not A121/A122 : car or other, not in attribute 6",none,own,2.0,unskilled - resident,1.0,"yes, registered under the customers name ",no,N,4.0,250.0,4.0,4.0,19.0,no checking account,critical account/ other credits existing (not at this bank),business,500 <= ... < 1000 DM ,... < 1 year ,male : single,co-applicant,"if not A121/A122 : car or other, not in attribute 6",none,own,2.0,unskilled - resident,1.0,"yes, registered under the customers name ",no,N,251.28852486610413,Y,N,Y
11,0,0.1176470588235294,0.052272477165181,1.0,1.0,0.0714285714285714,< 0 DM,existing credits paid back duly till now,(vacation - does not exist?),unknown/ no savings account,1 <= ... < 4 years,female : divorced/separated/married,none,if not A121 : building society savings agreement/ life insurance,bank,rent,1,skilled employee / official,1,"yes, registered under the customers name ",yes,Y,11.999999999999998,1200.0,4.0,4.0,23.0,< 0 DM,existing credits paid back duly till now,(vacation - does not exist?),unknown/ no savings account,1 <= ... < 4 years,female : divorced/separated/married,none,if not A121 : building society savings agreement/ life insurance,bank,rent,1,skilled employee / official,1,"yes, registered under the customers name ",yes,Y,0.0,0.0,1.0,1.0,0.0,no checking account,critical account/ other credits existing (not at this bank),business,500 <= ... < 1000 DM ,... < 1 year ,male : single,co-applicant,"if not A121/A122 : car or other, not in attribute 6",none,own,2.0,unskilled - resident,1.0,"yes, registered under the customers name ",no,N,4.0,250.0,4.0,4.0,19.0,no checking account,critical account/ other credits existing (not at this bank),business,500 <= ... < 1000 DM ,... < 1 year ,male : single,co-applicant,"if not A121/A122 : car or other, not in attribute 6",none,own,2.0,unskilled - resident,1.0,"yes, registered under the customers name ",no,N,248.71431422233584,Y,N,Y
11,0,0.1176470588235294,0.052272477165181,1.0,1.0,0.0714285714285714,< 0 DM,existing credits paid back duly till now,(vacation - does not exist?),unknown/ no savings account,1 <= ... < 4 years,female : divorced/separated/married,none,if not A121 : building society savings agreement/ life insurance,bank,rent,1,skilled employee / official,1,"yes, registered under the customers name ",yes,Y,11.999999999999998,1200.0,4.0,4.0,23.0,< 0 DM,existing credits paid back duly till now,(vacation - does not exist?),unknown/ no savings account,1 <= ... < 4 years,female : divorced/separated/married,none,if not A121 : building society savings agreement/ life insurance,bank,rent,1,skilled employee / official,1,"yes, registered under the customers name ",yes,Y,0.0,0.0,1.0,1.0,0.0,no checking account,critical account/ other credits existing (not at this bank),business,500 <= ... < 1000 DM ,... < 1 year ,male : single,co-applicant,"if not A121/A122 : car or other, not in attribute 6",none,own,2.0,unskilled - resident,1.0,"yes, registered under the customers name ",no,N,4.0,250.0,4.0,4.0,19.0,no checking account,critical account/ other credits existing (not at this bank),business,500 <= ... < 1000 DM ,... < 1 year ,male : single,co-applicant,"if not A121/A122 : car or other, not in attribute 6",none,own,2.0,unskilled - resident,1.0,"yes, registered under the customers name ",no,N,256.3502190113068,Y,N,Y
11,0,0.1176470588235294,0.052272477165181,1.0,1.0,0.0714285714285714,< 0 DM,existing credits paid back duly till now,(vacation - does not exist?),unknown/ no savings account,1 <= ... < 4 years,female : divorced/separated/married,none,if not A121 : building society savings agreement/ life insurance,bank,rent,1,skilled employee / official,1,"yes, registered under the customers name ",yes,Y,11.999999999999998,1200.0,4.0,4.0,23.0,< 0 DM,existing credits paid back duly till now,(vacation - does not exist?),unknown/ no savings account,1 <= ... < 4 years,female : divorced/separated/married,none,if not A121 : building society savings agreement/ life insurance,bank,rent,1,skilled employee / official,1,"yes, registered under the customers name ",yes,Y,0.0,0.0,1.0,1.0,0.0,no checking account,critical account/ other credits existing (not at this bank),business,500 <= ... < 1000 DM ,... < 1 year ,male : single,co-applicant,"if not A121/A122 : car or other, not in attribute 6",none,own,2.0,unskilled - resident,1.0,"yes, registered under the customers name ",no,N,4.0,250.0,4.0,4.0,19.0,no checking account,critical account/ other credits existing (not at this bank),business,500 <= ... < 1000 DM ,... < 1 year ,male : single,co-applicant,"if not A121/A122 : car or other, not in attribute 6",none,own,2.0,unskilled - resident,1.0,"yes, registered under the customers name ",no,N,247.4448928833008,Y,N,Y
12,0,0.1176470588235294,0.0639925167822163,0.6666666666666667,0.3333333333333333,0.6428571428571428,no checking account,existing credits paid back duly till now,car (used),.. >= 1000 DM ,4 <= ... < 7 years,male : single,none,if not A121 : building society savings agreement/ life insurance,none,own,1,skilled employee / official,1,none,no,N,11.999999999999998,1413.0,3.0,2.0,54.99999999999999,no checking account,existing credits paid back duly till now,car (used),.. >= 1000 DM ,4 <= ... < 7 years,male : single,none,if not A121 : building society savings agreement/ life insurance,none,own,1,skilled employee / official,1,none,no,N,,,,,,,,,,,,,,,,,,,,,,,,,,,,,,,,,,,,,,,,,,,245.83437991142276,N,N,N
12,0,0.1176470588235294,0.0639925167822163,0.6666666666666667,0.3333333333333333,0.6428571428571428,no checking account,existing credits paid back duly till now,car (used),.. >= 1000 DM ,4 <= ... < 7 years,male : single,none,if not A121 : building society savings agreement/ life insurance,none,own,1,skilled employee / official,1,none,no,N,11.999999999999998,1413.0,3.0,2.0,54.99999999999999,no checking account,existing credits paid back duly till now,car (used),.. >= 1000 DM ,4 <= ... < 7 years,male : single,none,if not A121 : building society savings agreement/ life insurance,none,own,1,skilled employee / official,1,none,no,N,,,,,,,,,,,,,,,,,,,,,,,,,,,,,,,,,,,,,,,,,,,256.464741230011,N,N,N
12,0,0.1176470588235294,0.0639925167822163,0.6666666666666667,0.3333333333333333,0.6428571428571428,no checking account,existing credits paid back duly till now,car (used),.. >= 1000 DM ,4 <= ... < 7 years,male : single,none,if not A121 : building society savings agreement/ life insurance,none,own,1,skilled employee / official,1,none,no,N,11.999999999999998,1413.0,3.0,2.0,54.99999999999999,no checking account,existing credits paid back duly till now,car (used),.. >= 1000 DM ,4 <= ... < 7 years,male : single,none,if not A121 : building society savings agreement/ life insurance,none,own,1,skilled employee / official,1,none,no,N,,,,,,,,,,,,,,,,,,,,,,,,,,,,,,,,,,,,,,,,,,,249.07067894935608,N,N,N
12,0,0.1176470588235294,0.0639925167822163,0.6666666666666667,0.3333333333333333,0.6428571428571428,no checking account,existing credits paid back duly till now,car (used),.. >= 1000 DM ,4 <= ... < 7 years,male : single,none,if not A121 : building society savings agreement/ life insurance,none,own,1,skilled employee / official,1,none,no,N,11.999999999999998,1413.0,3.0,2.0,54.99999999999999,no checking account,existing credits paid back duly till now,car (used),.. >= 1000 DM ,4 <= ... < 7 years,male : single,none,if not A121 : building society savings agreement/ life insurance,none,own,1,skilled employee / official,1,none,no,N,,,,,,,,,,,,,,,,,,,,,,,,,,,,,,,,,,,,,,,,,,,256.6400649547577,N,N,N
12,0,0.1176470588235294,0.0639925167822163,0.6666666666666667,0.3333333333333333,0.6428571428571428,no checking account,existing credits paid back duly till now,car (used),.. >= 1000 DM ,4 <= ... < 7 years,male : single,none,if not A121 : building society savings agreement/ life insurance,none,own,1,skilled employee / official,1,none,no,N,11.999999999999998,1413.0,3.0,2.0,54.99999999999999,no checking account,existing credits paid back duly till now,car (used),.. >= 1000 DM ,4 <= ... < 7 years,male : single,none,if not A121 : building society savings agreement/ life insurance,none,own,1,skilled employee / official,1,none,no,N,,,,,,,,,,,,,,,,,,,,,,,,,,,,,,,,,,,,,,,,,,,251.19102597236636,N,N,N
13,0,0.4705882352941176,0.7740728513260702,1.0,0.3333333333333333,0.6785714285714286,0 <= ... < 200 DM,existing credits paid back duly till now,car (new),... < 100 DM,.. >= 7 years,male : single,none,unknown / no property,none,for free,1,management/ self-employed/ highly qualified employee/ officer,1,"yes, registered under the customers name ",yes,Y,36.0,14318.0,4.0,2.0,57.0,0 <= ... < 200 DM,existing credits paid back duly till now,car (new),... < 100 DM,.. >= 7 years,male : single,none,unknown / no property,none,for free,1,management/ self-employed/ highly qualified employee/ officer,1,"yes, registered under the customers name ",yes,Y,0.0,0.0,1.0,0.0,0.0,no checking account,critical account/ other credits existing (not at this bank),business,500 <= ... < 1000 DM ,... < 1 year ,male : single,co-applicant,"if not A121/A122 : car or other, not in attribute 6",none,own,2.0,unskilled - resident,1.0,"yes, registered under the customers name ",no,N,4.0,250.0,4.0,1.0,19.0,no checking account,critical account/ other credits existing (not at this bank),business,500 <= ... < 1000 DM ,... < 1 year ,male : single,co-applicant,"if not A121/A122 : car or other, not in attribute 6",none,own,2.0,unskilled - resident,1.0,"yes, registered under the customers name ",no,N,245.00525617599487,Y,Y,Y
13,0,0.4705882352941176,0.7740728513260702,1.0,0.3333333333333333,0.6785714285714286,0 <= ... < 200 DM,existing credits paid back duly till now,car (new),... < 100 DM,.. >= 7 years,male : single,none,unknown / no property,none,for free,1,management/ self-employed/ highly qualified employee/ officer,1,"yes, registered under the customers name ",yes,Y,36.0,14318.0,4.0,2.0,57.0,0 <= ... < 200 DM,existing credits paid back duly till now,car (new),... < 100 DM,.. >= 7 years,male : single,none,unknown / no property,none,for free,1,management/ self-employed/ highly qualified employee/ officer,1,"yes, registered under the customers name ",yes,Y,0.0,0.0,1.0,0.0,0.0,no checking account,critical account/ other credits existing (not at this bank),business,500 <= ... < 1000 DM ,... < 1 year ,male : single,co-applicant,"if not A121/A122 : car or other, not in attribute 6",none,own,2.0,unskilled - resident,1.0,"yes, registered under the customers name ",no,N,4.0,250.0,4.0,1.0,19.0,no checking account,critical account/ other credits existing (not at this bank),business,500 <= ... < 1000 DM ,... < 1 year ,male : single,co-applicant,"if not A121/A122 : car or other, not in attribute 6",none,own,2.0,unskilled - resident,1.0,"yes, registered under the customers name ",no,N,255.009330034256,Y,Y,Y
13,0,0.4705882352941176,0.7740728513260702,1.0,0.3333333333333333,0.6785714285714286,0 <= ... < 200 DM,existing credits paid back duly till now,car (new),... < 100 DM,.. >= 7 years,male : single,none,unknown / no property,none,for free,1,management/ self-employed/ highly qualified employee/ officer,1,"yes, registered under the customers name ",yes,Y,36.0,14318.0,4.0,2.0,57.0,0 <= ... < 200 DM,existing credits paid back duly till now,car (new),... < 100 DM,.. >= 7 years,male : single,none,unknown / no property,none,for free,1,management/ self-employed/ highly qualified employee/ officer,1,"yes, registered under the customers name ",yes,Y,0.0,0.0,1.0,0.0,0.0,no checking account,critical account/ other credits existing (not at this bank),business,500 <= ... < 1000 DM ,... < 1 year ,male : single,co-applicant,"if not A121/A122 : car or other, not in attribute 6",none,own,2.0,unskilled - resident,1.0,"yes, registered under the customers name ",no,N,4.0,250.0,4.0,1.0,19.0,no checking account,critical account/ other credits existing (not at this bank),business,500 <= ... < 1000 DM ,... < 1 year ,male : single,co-applicant,"if not A121/A122 : car or other, not in attribute 6",none,own,2.0,unskilled - resident,1.0,"yes, registered under the customers name ",no,N,247.93790578842163,Y,Y,Y
13,0,0.4705882352941176,0.7740728513260702,1.0,0.3333333333333333,0.6785714285714286,0 <= ... < 200 DM,existing credits paid back duly till now,car (new),... < 100 DM,.. >= 7 years,male : single,none,unknown / no property,none,for free,1,management/ self-employed/ highly qualified employee/ officer,1,"yes, registered under the customers name ",yes,Y,36.0,14318.0,4.0,2.0,57.0,0 <= ... < 200 DM,existing credits paid back duly till now,car (new),... < 100 DM,.. >= 7 years,male : single,none,unknown / no property,none,for free,1,management/ self-employed/ highly qualified employee/ officer,1,"yes, registered under the customers name ",yes,Y,0.0,0.0,1.0,0.0,0.0,no checking account,critical account/ other credits existing (not at this bank),business,500 <= ... < 1000 DM ,... < 1 year ,male : single,co-applicant,"if not A121/A122 : car or other, not in attribute 6",none,own,2.0,unskilled - resident,1.0,"yes, registered under the customers name ",no,N,4.0,250.0,4.0,1.0,19.0,no checking account,critical account/ other credits existing (not at this bank),business,500 <= ... < 1000 DM ,... < 1 year ,male : single,co-applicant,"if not A121/A122 : car or other, not in attribute 6",none,own,2.0,unskilled - resident,1.0,"yes, registered under the customers name ",no,N,255.40296506881717,Y,Y,Y
13,0,0.4705882352941176,0.7740728513260702,1.0,0.3333333333333333,0.6785714285714286,0 <= ... < 200 DM,existing credits paid back duly till now,car (new),... < 100 DM,.. >= 7 years,male : single,none,unknown / no property,none,for free,1,management/ self-employed/ highly qualified employee/ officer,1,"yes, registered under the customers name ",yes,Y,36.0,14318.0,4.0,2.0,57.0,0 <= ... < 200 DM,existing credits paid back duly till now,car (new),... < 100 DM,.. >= 7 years,male : single,none,unknown / no property,none,for free,1,management/ self-employed/ highly qualified employee/ officer,1,"yes, registered under the customers name ",yes,Y,0.0,0.0,1.0,0.0,0.0,no checking account,critical account/ other credits existing (not at this bank),business,500 <= ... < 1000 DM ,... < 1 year ,male : single,co-applicant,"if not A121/A122 : car or other, not in attribute 6",none,own,2.0,unskilled - resident,1.0,"yes, registered under the customers name ",no,N,4.0,250.0,4.0,1.0,19.0,no checking account,critical account/ other credits existing (not at this bank),business,500 <= ... < 1000 DM ,... < 1 year ,male : single,co-applicant,"if not A121/A122 : car or other, not in attribute 6",none,own,2.0,unskilled - resident,1.0,"yes, registered under the customers name ",no,N,254.91592502593997,Y,Y,Y
14,0,0.0735294117647058,0.057114559260482,0.6666666666666667,1.0,0.5178571428571428,< 0 DM,critical account/ other credits existing (not at this bank),education,100 <= ... < 500 DM,.. >= 7 years,male : single,guarantor,real estate,none,own,2,skilled employee / official,2,none,no,N,9.0,1288.0,3.0,4.0,47.99999999999999,< 0 DM,critical account/ other credits existing (not at this bank),education,100 <= ... < 500 DM,.. >= 7 years,male : single,guarantor,real estate,none,own,2,skilled employee / official,2,none,no,N,,,,,,,,,,,,,,,,,,,,,,,,,,,,,,,,,,,,,,,,,,,244.03903007507324,N,N,N
14,0,0.0735294117647058,0.057114559260482,0.6666666666666667,1.0,0.5178571428571428,< 0 DM,critical account/ other credits existing (not at this bank),education,100 <= ... < 500 DM,.. >= 7 years,male : single,guarantor,real estate,none,own,2,skilled employee / official,2,none,no,N,9.0,1288.0,3.0,4.0,47.99999999999999,< 0 DM,critical account/ other credits existing (not at this bank),education,100 <= ... < 500 DM,.. >= 7 years,male : single,guarantor,real estate,none,own,2,skilled employee / official,2,none,no,N,,,,,,,,,,,,,,,,,,,,,,,,,,,,,,,,,,,,,,,,,,,256.7062819004059,N,N,N
14,0,0.0735294117647058,0.057114559260482,0.6666666666666667,1.0,0.5178571428571428,< 0 DM,critical account/ other credits existing (not at this bank),education,100 <= ... < 500 DM,.. >= 7 years,male : single,guarantor,real estate,none,own,2,skilled employee / official,2,none,no,N,9.0,1288.0,3.0,4.0,47.99999999999999,< 0 DM,critical account/ other credits existing (not at this bank),education,100 <= ... < 500 DM,.. >= 7 years,male : single,guarantor,real estate,none,own,2,skilled employee / official,2,none,no,N,,,,,,,,,,,,,,,,,,,,,,,,,,,,,,,,,,,,,,,,,,,249.6308000087738,N,N,N
14,0,0.0735294117647058,0.057114559260482,0.6666666666666667,1.0,0.5178571428571428,< 0 DM,critical account/ other credits existing (not at this bank),education,100 <= ... < 500 DM,.. >= 7 years,male : single,guarantor,real estate,none,own,2,skilled employee / official,2,none,no,N,9.0,1288.0,3.0,4.0,47.99999999999999,< 0 DM,critical account/ other credits existing (not at this bank),education,100 <= ... < 500 DM,.. >= 7 years,male : single,guarantor,real estate,none,own,2,skilled employee / official,2,none,no,N,,,,,,,,,,,,,,,,,,,,,,,,,,,,,,,,,,,,,,,,,,,255.49466586112976,N,N,N
14,0,0.0735294117647058,0.057114559260482,0.6666666666666667,1.0,0.5178571428571428,< 0 DM,critical account/ other credits existing (not at this bank),education,100 <= ... < 500 DM,.. >= 7 years,male : single,guarantor,real estate,none,own,2,skilled employee / official,2,none,no,N,9.0,1288.0,3.0,4.0,47.99999999999999,< 0 DM,critical account/ other credits existing (not at this bank),education,100 <= ... < 500 DM,.. >= 7 years,male : single,guarantor,real estate,none,own,2,skilled employee / official,2,none,no,N,,,,,,,,,,,,,,,,,,,,,,,,,,,,,,,,,,,,,,,,,,,249.81874895095825,N,N,N
15,0,0.2941176470588235,0.0701551667216903,1.0,0.6666666666666667,0.2678571428571428,no checking account,existing credits paid back duly till now,car (new),.. >= 1000 DM ,4 <= ... < 7 years,female : divorced/separated/married,none,"if not A121/A122 : car or other, not in attribute 6",none,own,1,skilled employee / official,2,"yes, registered under the customers name ",yes,N,24.0,1525.0,4.0,3.0,34.0,no checking account,existing credits paid back duly till now,car (new),.. >= 1000 DM ,4 <= ... < 7 years,female : divorced/separated/married,none,"if not A121/A122 : car or other, not in attribute 6",none,own,1,skilled employee / official,2,"yes, registered under the customers name ",yes,N,,,,,,,,,,,,,,,,,,,,,,,,,,,,,,,,,,,,,,,,,,,245.48867988586423,N,N,N
15,0,0.2941176470588235,0.0701551667216903,1.0,0.6666666666666667,0.2678571428571428,no checking account,existing credits paid back duly till now,car (new),.. >= 1000 DM ,4 <= ... < 7 years,female : divorced/separated/married,none,"if not A121/A122 : car or other, not in attribute 6",none,own,1,skilled employee / official,2,"yes, registered under the customers name ",yes,N,24.0,1525.0,4.0,3.0,34.0,no checking account,existing credits paid back duly till now,car (new),.. >= 1000 DM ,4 <= ... < 7 years,female : divorced/separated/married,none,"if not A121/A122 : car or other, not in attribute 6",none,own,1,skilled employee / official,2,"yes, registered under the customers name ",yes,N,,,,,,,,,,,,,,,,,,,,,,,,,,,,,,,,,,,,,,,,,,,255.7136461734772,N,N,N
15,0,0.2941176470588235,0.0701551667216903,1.0,0.6666666666666667,0.2678571428571428,no checking account,existing credits paid back duly till now,car (new),.. >= 1000 DM ,4 <= ... < 7 years,female : divorced/separated/married,none,"if not A121/A122 : car or other, not in attribute 6",none,own,1,skilled employee / official,2,"yes, registered under the customers name ",yes,N,24.0,1525.0,4.0,3.0,34.0,no checking account,existing credits paid back duly till now,car (new),.. >= 1000 DM ,4 <= ... < 7 years,female : divorced/separated/married,none,"if not A121/A122 : car or other, not in attribute 6",none,own,1,skilled employee / official,2,"yes, registered under the customers name ",yes,N,,,,,,,,,,,,,,,,,,,,,,,,,,,,,,,,,,,,,,,,,,,246.4169659614563,N,N,N
15,0,0.2941176470588235,0.0701551667216903,1.0,0.6666666666666667,0.2678571428571428,no checking account,existing credits paid back duly till now,car (new),.. >= 1000 DM ,4 <= ... < 7 years,female : divorced/separated/married,none,"if not A121/A122 : car or other, not in attribute 6",none,own,1,skilled employee / official,2,"yes, registered under the customers name ",yes,N,24.0,1525.0,4.0,3.0,34.0,no checking account,existing credits paid back duly till now,car (new),.. >= 1000 DM ,4 <= ... < 7 years,female : divorced/separated/married,none,"if not A121/A122 : car or other, not in attribute 6",none,own,1,skilled employee / official,2,"yes, registered under the customers name ",yes,N,,,,,,,,,,,,,,,,,,,,,,,,,,,,,,,,,,,,,,,,,,,257.35695600509644,N,N,N
15,0,0.2941176470588235,0.0701551667216903,1.0,0.6666666666666667,0.2678571428571428,no checking account,existing credits paid back duly till now,car (new),.. >= 1000 DM ,4 <= ... < 7 years,female : divorced/separated/married,none,"if not A121/A122 : car or other, not in attribute 6",none,own,1,skilled employee / official,2,"yes, registered under the customers name ",yes,N,24.0,1525.0,4.0,3.0,34.0,no checking account,existing credits paid back duly till now,car (new),.. >= 1000 DM ,4 <= ... < 7 years,female : divorced/separated/married,none,"if not A121/A122 : car or other, not in attribute 6",none,own,1,skilled employee / official,2,"yes, registered under the customers name ",yes,N,,,,,,,,,,,,,,,,,,,,,,,,,,,,,,,,,,,,,,,,,,,247.7851588726044,N,N,N
16,0,0.2058823529411764,0.1031143391658413,1.0,1.0,0.0892857142857143,< 0 DM,critical account/ other credits existing (not at this bank),radio/television,... < 100 DM,1 <= ... < 4 years,female : divorced/separated/married,none,real estate,none,rent,2,skilled employee / official,1,none,yes,N,18.0,2124.0,4.0,4.0,24.0,< 0 DM,critical account/ other credits existing (not at this bank),radio/television,... < 100 DM,1 <= ... < 4 years,female : divorced/separated/married,none,real estate,none,rent,2,skilled employee / official,1,none,yes,N,,,,,,,,,,,,,,,,,,,,,,,,,,,,,,,,,,,,,,,,,,,244.44144916534424,N,Y,N
16,0,0.2058823529411764,0.1031143391658413,1.0,1.0,0.0892857142857143,< 0 DM,critical account/ other credits existing (not at this bank),radio/television,... < 100 DM,1 <= ... < 4 years,female : divorced/separated/married,none,real estate,none,rent,2,skilled employee / official,1,none,yes,N,18.0,2124.0,4.0,4.0,24.0,< 0 DM,critical account/ other credits existing (not at this bank),radio/television,... < 100 DM,1 <= ... < 4 years,female : divorced/separated/married,none,real estate,none,rent,2,skilled employee / official,1,none,yes,N,,,,,,,,,,,,,,,,,,,,,,,,,,,,,,,,,,,,,,,,,,,255.39267706871036,N,Y,N
16,0,0.2058823529411764,0.1031143391658413,1.0,1.0,0.0892857142857143,< 0 DM,critical account/ other credits existing (not at this bank),radio/television,... < 100 DM,1 <= ... < 4 years,female : divorced/separated/married,none,real estate,none,rent,2,skilled employee / official,1,none,yes,N,18.0,2124.0,4.0,4.0,24.0,< 0 DM,critical account/ other credits existing (not at this bank),radio/television,... < 100 DM,1 <= ... < 4 years,female : divorced/separated/married,none,real estate,none,rent,2,skilled employee / official,1,none,yes,N,,,,,,,,,,,,,,,,,,,,,,,,,,,,,,,,,,,,,,,,,,,248.51325583457947,N,Y,N
16,0,0.2058823529411764,0.1031143391658413,1.0,1.0,0.0892857142857143,< 0 DM,critical account/ other credits existing (not at this bank),radio/television,... < 100 DM,1 <= ... < 4 years,female : divorced/separated/married,none,real estate,none,rent,2,skilled employee / official,1,none,yes,N,18.0,2124.0,4.0,4.0,24.0,< 0 DM,critical account/ other credits existing (not at this bank),radio/television,... < 100 DM,1 <= ... < 4 years,female : divorced/separated/married,none,real estate,none,rent,2,skilled employee / official,1,none,yes,N,,,,,,,,,,,,,,,,,,,,,,,,,,,,,,,,,,,,,,,,,,,254.33964323997495,N,Y,N
16,0,0.2058823529411764,0.1031143391658413,1.0,1.0,0.0892857142857143,< 0 DM,critical account/ other credits existing (not at this bank),radio/television,... < 100 DM,1 <= ... < 4 years,female : divorced/separated/married,none,real estate,none,rent,2,skilled employee / official,1,none,yes,N,18.0,2124.0,4.0,4.0,24.0,< 0 DM,critical account/ other credits existing (not at this bank),radio/television,... < 100 DM,1 <= ... < 4 years,female : divorced/separated/married,none,real estate,none,rent,2,skilled employee / official,1,none,yes,N,,,,,,,,,,,,,,,,,,,,,,,,,,,,,,,,,,,,,,,,,,,264.0360310077667,N,Y,N
17,0,0.3823529411764705,0.2200396170353252,1.0,0.3333333333333333,0.1607142857142857,0 <= ... < 200 DM,critical account/ other credits existing (not at this bank),car (new),... < 100 DM,unemployed,male : married/widowed,none,"if not A121/A122 : car or other, not in attribute 6",none,own,2,management/ self-employed/ highly qualified employee/ officer,1,none,yes,Y,30.0,4249.0,4.0,2.0,28.0,0 <= ... < 200 DM,critical account/ other credits existing (not at this bank),car (new),... < 100 DM,unemployed,male : married/widowed,none,"if not A121/A122 : car or other, not in attribute 6",none,own,2,management/ self-employed/ highly qualified employee/ officer,1,none,yes,Y,0.0,0.0,1.0,0.0,0.0,no checking account,critical account/ other credits existing (not at this bank),business,500 <= ... < 1000 DM ,... < 1 year ,male : single,co-applicant,"if not A121/A122 : car or other, not in attribute 6",none,own,2.0,unskilled - resident,1.0,"yes, registered under the customers name ",no,N,4.0,250.0,4.0,1.0,19.0,no checking account,critical account/ other credits existing (not at this bank),business,500 <= ... < 1000 DM ,... < 1 year ,male : single,co-applicant,"if not A121/A122 : car or other, not in attribute 6",none,own,2.0,unskilled - resident,1.0,"yes, registered under the customers name ",no,N,245.51885080337524,Y,Y,Y
17,0,0.3823529411764705,0.2200396170353252,1.0,0.3333333333333333,0.1607142857142857,0 <= ... < 200 DM,critical account/ other credits existing (not at this bank),car (new),... < 100 DM,unemployed,male : married/widowed,none,"if not A121/A122 : car or other, not in attribute 6",none,own,2,management/ self-employed/ highly qualified employee/ officer,1,none,yes,Y,30.0,4249.0,4.0,2.0,28.0,0 <= ... < 200 DM,critical account/ other credits existing (not at this bank),car (new),... < 100 DM,unemployed,male : married/widowed,none,"if not A121/A122 : car or other, not in attribute 6",none,own,2,management/ self-employed/ highly qualified employee/ officer,1,none,yes,Y,0.0,0.0,1.0,0.0,0.0,no checking account,critical account/ other credits existing (not at this bank),business,500 <= ... < 1000 DM ,... < 1 year ,male : single,co-applicant,"if not A121/A122 : car or other, not in attribute 6",none,own,2.0,unskilled - resident,1.0,"yes, registered under the customers name ",no,N,4.0,250.0,4.0,1.0,19.0,no checking account,critical account/ other credits existing (not at this bank),business,500 <= ... < 1000 DM ,... < 1 year ,male : single,co-applicant,"if not A121/A122 : car or other, not in attribute 6",none,own,2.0,unskilled - resident,1.0,"yes, registered under the customers name ",no,N,254.0826730728149,Y,Y,Y
17,0,0.3823529411764705,0.2200396170353252,1.0,0.3333333333333333,0.1607142857142857,0 <= ... < 200 DM,critical account/ other credits existing (not at this bank),car (new),... < 100 DM,unemployed,male : married/widowed,none,"if not A121/A122 : car or other, not in attribute 6",none,own,2,management/ self-employed/ highly qualified employee/ officer,1,none,yes,Y,30.0,4249.0,4.0,2.0,28.0,0 <= ... < 200 DM,critical account/ other credits existing (not at this bank),car (new),... < 100 DM,unemployed,male : married/widowed,none,"if not A121/A122 : car or other, not in attribute 6",none,own,2,management/ self-employed/ highly qualified employee/ officer,1,none,yes,Y,0.0,0.0,1.0,0.0,0.0,no checking account,critical account/ other credits existing (not at this bank),business,500 <= ... < 1000 DM ,... < 1 year ,male : single,co-applicant,"if not A121/A122 : car or other, not in attribute 6",none,own,2.0,unskilled - resident,1.0,"yes, registered under the customers name ",no,N,4.0,250.0,4.0,1.0,19.0,no checking account,critical account/ other credits existing (not at this bank),business,500 <= ... < 1000 DM ,... < 1 year ,male : single,co-applicant,"if not A121/A122 : car or other, not in attribute 6",none,own,2.0,unskilled - resident,1.0,"yes, registered under the customers name ",no,N,246.6972689628601,Y,Y,Y
17,0,0.3823529411764705,0.2200396170353252,1.0,0.3333333333333333,0.1607142857142857,0 <= ... < 200 DM,critical account/ other credits existing (not at this bank),car (new),... < 100 DM,unemployed,male : married/widowed,none,"if not A121/A122 : car or other, not in attribute 6",none,own,2,management/ self-employed/ highly qualified employee/ officer,1,none,yes,Y,30.0,4249.0,4.0,2.0,28.0,0 <= ... < 200 DM,critical account/ other credits existing (not at this bank),car (new),... < 100 DM,unemployed,male : married/widowed,none,"if not A121/A122 : car or other, not in attribute 6",none,own,2,management/ self-employed/ highly qualified employee/ officer,1,none,yes,Y,0.0,0.0,1.0,0.0,0.0,no checking account,critical account/ other credits existing (not at this bank),business,500 <= ... < 1000 DM ,... < 1 year ,male : single,co-applicant,"if not A121/A122 : car or other, not in attribute 6",none,own,2.0,unskilled - resident,1.0,"yes, registered under the customers name ",no,N,4.0,250.0,4.0,1.0,19.0,no checking account,critical account/ other credits existing (not at this bank),business,500 <= ... < 1000 DM ,... < 1 year ,male : single,co-applicant,"if not A121/A122 : car or other, not in attribute 6",none,own,2.0,unskilled - resident,1.0,"yes, registered under the customers name ",no,N,254.20269799232483,Y,Y,Y
17,0,0.3823529411764705,0.2200396170353252,1.0,0.3333333333333333,0.1607142857142857,0 <= ... < 200 DM,critical account/ other credits existing (not at this bank),car (new),... < 100 DM,unemployed,male : married/widowed,none,"if not A121/A122 : car or other, not in attribute 6",none,own,2,management/ self-employed/ highly qualified employee/ officer,1,none,yes,Y,30.0,4249.0,4.0,2.0,28.0,0 <= ... < 200 DM,critical account/ other credits existing (not at this bank),car (new),... < 100 DM,unemployed,male : married/widowed,none,"if not A121/A122 : car or other, not in attribute 6",none,own,2,management/ self-employed/ highly qualified employee/ officer,1,none,yes,Y,0.0,0.0,1.0,0.0,0.0,no checking account,critical account/ other credits existing (not at this bank),business,500 <= ... < 1000 DM ,... < 1 year ,male : single,co-applicant,"if not A121/A122 : car or other, not in attribute 6",none,own,2.0,unskilled - resident,1.0,"yes, registered under the customers name ",no,N,4.0,250.0,4.0,1.0,19.0,no checking account,critical account/ other credits existing (not at this bank),business,500 <= ... < 1000 DM ,... < 1 year ,male : single,co-applicant,"if not A121/A122 : car or other, not in attribute 6",none,own,2.0,unskilled - resident,1.0,"yes, registered under the customers name ",no,N,247.51504707336423,Y,Y,Y
18,0,0.3823529411764705,0.6464179597226807,0.0,0.0,0.2678571428571428,< 0 DM,existing credits paid back duly till now,education,... < 100 DM,... < 1 year ,male : divorced/separated,none,unknown / no property,none,own,1,unskilled - resident,1,"yes, registered under the customers name ",yes,Y,30.0,11998.0,1.0,1.0,34.0,< 0 DM,existing credits paid back duly till now,education,... < 100 DM,... < 1 year ,male : divorced/separated,none,unknown / no property,none,own,1,unskilled - resident,1,"yes, registered under the customers name ",yes,Y,0.0,0.0,0.0,0.0,0.0,no checking account,critical account/ other credits existing (not at this bank),business,500 <= ... < 1000 DM ,... < 1 year ,male : single,co-applicant,"if not A121/A122 : car or other, not in attribute 6",none,own,2.0,unskilled - resident,1.0,"yes, registered under the customers name ",no,N,4.0,250.0,1.0,1.0,19.0,no checking account,critical account/ other credits existing (not at this bank),business,500 <= ... < 1000 DM ,... < 1 year ,male : single,co-applicant,"if not A121/A122 : car or other, not in attribute 6",none,own,2.0,unskilled - resident,1.0,"yes, registered under the customers name ",no,N,244.8764078617096,Y,Y,Y
18,0,0.3823529411764705,0.6464179597226807,0.0,0.0,0.2678571428571428,< 0 DM,existing credits paid back duly till now,education,... < 100 DM,... < 1 year ,male : divorced/separated,none,unknown / no property,none,own,1,unskilled - resident,1,"yes, registered under the customers name ",yes,Y,30.0,11998.0,1.0,1.0,34.0,< 0 DM,existing credits paid back duly till now,education,... < 100 DM,... < 1 year ,male : divorced/separated,none,unknown / no property,none,own,1,unskilled - resident,1,"yes, registered under the customers name ",yes,Y,0.0,0.0,0.0,0.0,0.0,no checking account,critical account/ other credits existing (not at this bank),business,500 <= ... < 1000 DM ,... < 1 year ,male : single,co-applicant,"if not A121/A122 : car or other, not in attribute 6",none,own,2.0,unskilled - resident,1.0,"yes, registered under the customers name ",no,N,4.0,250.0,1.0,1.0,19.0,no checking account,critical account/ other credits existing (not at this bank),business,500 <= ... < 1000 DM ,... < 1 year ,male : single,co-applicant,"if not A121/A122 : car or other, not in attribute 6",none,own,2.0,unskilled - resident,1.0,"yes, registered under the customers name ",no,N,254.7957670688629,Y,Y,Y
18,0,0.3823529411764705,0.6464179597226807,0.0,0.0,0.2678571428571428,< 0 DM,existing credits paid back duly till now,education,... < 100 DM,... < 1 year ,male : divorced/separated,none,unknown / no property,none,own,1,unskilled - resident,1,"yes, registered under the customers name ",yes,Y,30.0,11998.0,1.0,1.0,34.0,< 0 DM,existing credits paid back duly till now,education,... < 100 DM,... < 1 year ,male : divorced/separated,none,unknown / no property,none,own,1,unskilled - resident,1,"yes, registered under the customers name ",yes,Y,0.0,0.0,0.0,0.0,0.0,no checking account,critical account/ other credits existing (not at this bank),business,500 <= ... < 1000 DM ,... < 1 year ,male : single,co-applicant,"if not A121/A122 : car or other, not in attribute 6",none,own,2.0,unskilled - resident,1.0,"yes, registered under the customers name ",no,N,4.0,250.0,1.0,1.0,19.0,no checking account,critical account/ other credits existing (not at this bank),business,500 <= ... < 1000 DM ,... < 1 year ,male : single,co-applicant,"if not A121/A122 : car or other, not in attribute 6",none,own,2.0,unskilled - resident,1.0,"yes, registered under the customers name ",no,N,247.24784517288208,Y,Y,Y
18,0,0.3823529411764705,0.6464179597226807,0.0,0.0,0.2678571428571428,< 0 DM,existing credits paid back duly till now,education,... < 100 DM,... < 1 year ,male : divorced/separated,none,unknown / no property,none,own,1,unskilled - resident,1,"yes, registered under the customers name ",yes,Y,30.0,11998.0,1.0,1.0,34.0,< 0 DM,existing credits paid back duly till now,education,... < 100 DM,... < 1 year ,male : divorced/separated,none,unknown / no property,none,own,1,unskilled - resident,1,"yes, registered under the customers name ",yes,Y,0.0,0.0,0.0,0.0,0.0,no checking account,critical account/ other credits existing (not at this bank),business,500 <= ... < 1000 DM ,... < 1 year ,male : single,co-applicant,"if not A121/A122 : car or other, not in attribute 6",none,own,2.0,unskilled - resident,1.0,"yes, registered under the customers name ",no,N,4.0,250.0,1.0,1.0,19.0,no checking account,critical account/ other credits existing (not at this bank),business,500 <= ... < 1000 DM ,... < 1 year ,male : single,co-applicant,"if not A121/A122 : car or other, not in attribute 6",none,own,2.0,unskilled - resident,1.0,"yes, registered under the customers name ",no,N,254.17903208732605,Y,Y,Y
18,0,0.3823529411764705,0.6464179597226807,0.0,0.0,0.2678571428571428,< 0 DM,existing credits paid back duly till now,education,... < 100 DM,... < 1 year ,male : divorced/separated,none,unknown / no property,none,own,1,unskilled - resident,1,"yes, registered under the customers name ",yes,Y,30.0,11998.0,1.0,1.0,34.0,< 0 DM,existing credits paid back duly till now,education,... < 100 DM,... < 1 year ,male : divorced/separated,none,unknown / no property,none,own,1,unskilled - resident,1,"yes, registered under the customers name ",yes,Y,0.0,0.0,0.0,0.0,0.0,no checking account,critical account/ other credits existing (not at this bank),business,500 <= ... < 1000 DM ,... < 1 year ,male : single,co-applicant,"if not A121/A122 : car or other, not in attribute 6",none,own,2.0,unskilled - resident,1.0,"yes, registered under the customers name ",no,N,4.0,250.0,1.0,1.0,19.0,no checking account,critical account/ other credits existing (not at this bank),business,500 <= ... < 1000 DM ,... < 1 year ,male : single,co-applicant,"if not A121/A122 : car or other, not in attribute 6",none,own,2.0,unskilled - resident,1.0,"yes, registered under the customers name ",no,N,249.86881303787231,Y,Y,Y
19,0,0.2058823529411764,0.4523495102894244,0.0,0.3333333333333333,0.0714285714285714,< 0 DM,delay in paying off in the past,(vacation - does not exist?),unknown/ no savings account,1 <= ... < 4 years,female : divorced/separated/married,none,"if not A121/A122 : car or other, not in attribute 6",none,rent,2,skilled employee / official,1,"yes, registered under the customers name ",yes,Y,18.0,8471.0,1.0,2.0,23.0,< 0 DM,delay in paying off in the past,(vacation - does not exist?),unknown/ no savings account,1 <= ... < 4 years,female : divorced/separated/married,none,"if not A121/A122 : car or other, not in attribute 6",none,rent,2,skilled employee / official,1,"yes, registered under the customers name ",yes,Y,0.0,0.0,0.0,0.0,0.0,no checking account,critical account/ other credits existing (not at this bank),business,500 <= ... < 1000 DM ,... < 1 year ,male : single,co-applicant,"if not A121/A122 : car or other, not in attribute 6",none,own,2.0,unskilled - resident,1.0,"yes, registered under the customers name ",no,N,4.0,250.0,1.0,1.0,19.0,no checking account,critical account/ other credits existing (not at this bank),business,500 <= ... < 1000 DM ,... < 1 year ,male : single,co-applicant,"if not A121/A122 : car or other, not in attribute 6",none,own,2.0,unskilled - resident,1.0,"yes, registered under the customers name ",no,N,246.14586281776428,Y,N,Y
19,0,0.2058823529411764,0.4523495102894244,0.0,0.3333333333333333,0.0714285714285714,< 0 DM,delay in paying off in the past,(vacation - does not exist?),unknown/ no savings account,1 <= ... < 4 years,female : divorced/separated/married,none,"if not A121/A122 : car or other, not in attribute 6",none,rent,2,skilled employee / official,1,"yes, registered under the customers name ",yes,Y,18.0,8471.0,1.0,2.0,23.0,< 0 DM,delay in paying off in the past,(vacation - does not exist?),unknown/ no savings account,1 <= ... < 4 years,female : divorced/separated/married,none,"if not A121/A122 : car or other, not in attribute 6",none,rent,2,skilled employee / official,1,"yes, registered under the customers name ",yes,Y,0.0,0.0,0.0,0.0,0.0,no checking account,critical account/ other credits existing (not at this bank),business,500 <= ... < 1000 DM ,... < 1 year ,male : single,co-applicant,"if not A121/A122 : car or other, not in attribute 6",none,own,2.0,unskilled - resident,1.0,"yes, registered under the customers name ",no,N,4.0,250.0,1.0,1.0,19.0,no checking account,critical account/ other credits existing (not at this bank),business,500 <= ... < 1000 DM ,... < 1 year ,male : single,co-applicant,"if not A121/A122 : car or other, not in attribute 6",none,own,2.0,unskilled - resident,1.0,"yes, registered under the customers name ",no,N,254.19286108016968,Y,N,Y
19,0,0.2058823529411764,0.4523495102894244,0.0,0.3333333333333333,0.0714285714285714,< 0 DM,delay in paying off in the past,(vacation - does not exist?),unknown/ no savings account,1 <= ... < 4 years,female : divorced/separated/married,none,"if not A121/A122 : car or other, not in attribute 6",none,rent,2,skilled employee / official,1,"yes, registered under the customers name ",yes,Y,18.0,8471.0,1.0,2.0,23.0,< 0 DM,delay in paying off in the past,(vacation - does not exist?),unknown/ no savings account,1 <= ... < 4 years,female : divorced/separated/married,none,"if not A121/A122 : car or other, not in attribute 6",none,rent,2,skilled employee / official,1,"yes, registered under the customers name ",yes,Y,0.0,0.0,0.0,0.0,0.0,no checking account,critical account/ other credits existing (not at this bank),business,500 <= ... < 1000 DM ,... < 1 year ,male : single,co-applicant,"if not A121/A122 : car or other, not in attribute 6",none,own,2.0,unskilled - resident,1.0,"yes, registered under the customers name ",no,N,4.0,250.0,1.0,1.0,19.0,no checking account,critical account/ other credits existing (not at this bank),business,500 <= ... < 1000 DM ,... < 1 year ,male : single,co-applicant,"if not A121/A122 : car or other, not in attribute 6",none,own,2.0,unskilled - resident,1.0,"yes, registered under the customers name ",no,N,243.97491097450256,Y,N,Y
19,0,0.2058823529411764,0.4523495102894244,0.0,0.3333333333333333,0.0714285714285714,< 0 DM,delay in paying off in the past,(vacation - does not exist?),unknown/ no savings account,1 <= ... < 4 years,female : divorced/separated/married,none,"if not A121/A122 : car or other, not in attribute 6",none,rent,2,skilled employee / official,1,"yes, registered under the customers name ",yes,Y,18.0,8471.0,1.0,2.0,23.0,< 0 DM,delay in paying off in the past,(vacation - does not exist?),unknown/ no savings account,1 <= ... < 4 years,female : divorced/separated/married,none,"if not A121/A122 : car or other, not in attribute 6",none,rent,2,skilled employee / official,1,"yes, registered under the customers name ",yes,Y,0.0,0.0,0.0,0.0,0.0,no checking account,critical account/ other credits existing (not at this bank),business,500 <= ... < 1000 DM ,... < 1 year ,male : single,co-applicant,"if not A121/A122 : car or other, not in attribute 6",none,own,2.0,unskilled - resident,1.0,"yes, registered under the customers name ",no,N,4.0,250.0,1.0,1.0,19.0,no checking account,critical account/ other credits existing (not at this bank),business,500 <= ... < 1000 DM ,... < 1 year ,male : single,co-applicant,"if not A121/A122 : car or other, not in attribute 6",none,own,2.0,unskilled - resident,1.0,"yes, registered under the customers name ",no,N,260.602322101593,Y,N,Y
19,0,0.2058823529411764,0.4523495102894244,0.0,0.3333333333333333,0.0714285714285714,< 0 DM,delay in paying off in the past,(vacation - does not exist?),unknown/ no savings account,1 <= ... < 4 years,female : divorced/separated/married,none,"if not A121/A122 : car or other, not in attribute 6",none,rent,2,skilled employee / official,1,"yes, registered under the customers name ",yes,Y,18.0,8471.0,1.0,2.0,23.0,< 0 DM,delay in paying off in the past,(vacation - does not exist?),unknown/ no savings account,1 <= ... < 4 years,female : divorced/separated/married,none,"if not A121/A122 : car or other, not in attribute 6",none,rent,2,skilled employee / official,1,"yes, registered under the customers name ",yes,Y,0.0,0.0,0.0,0.0,0.0,no checking account,critical account/ other credits existing (not at this bank),business,500 <= ... < 1000 DM ,... < 1 year ,male : single,co-applicant,"if not A121/A122 : car or other, not in attribute 6",none,own,2.0,unskilled - resident,1.0,"yes, registered under the customers name ",no,N,4.0,250.0,1.0,1.0,19.0,no checking account,critical account/ other credits existing (not at this bank),business,500 <= ... < 1000 DM ,... < 1 year ,male : single,co-applicant,"if not A121/A122 : car or other, not in attribute 6",none,own,2.0,unskilled - resident,1.0,"yes, registered under the customers name ",no,N,249.0765199661255,Y,N,Y
